[Warning] AI Module not found: No module named 'torch'
[Config] Loaded: Port=5001, Window=5.0s
[Info] Role Mapping loaded: 8 roles
[Network] Listening on UDP 5001
[Brain] Started.
[Batch] Processing 120 events (Window: 5.0s)
Validation Error: 4 validation errors for LogEntry
role
  Field required [type=missing, input_value={'identity': {'role': 'Wo...t': 80, 'bytes': 34053}}, input_type=dict]
    For further information visit https://errors.pydantic.dev/2.12/v/missing
timestamp_ref
  Field required [type=missing, input_value={'identity': {'role': 'Wo...t': 80, 'bytes': 34053}}, input_type=dict]
    For further information visit https://errors.pydantic.dev/2.12/v/missing
host
  Field required [type=missing, input_value={'identity': {'role': 'Wo...t': 80, 'bytes': 34053}}, input_type=dict]
    For further information visit https://errors.pydantic.dev/2.12/v/missing
event
  Unable to extract tag using discriminator 'type' [type=union_tag_not_found, input_value={'user': 'user', 'action'...opy': 3.799539222796257}, input_type=dict]
    For further information visit https://errors.pydantic.dev/2.12/v/union_tag_not_found
Validation Error: 4 validation errors for LogEntry
role
  Field required [type=missing, input_value={'identity': {'role': 'Wo...t': 80, 'bytes': 88015}}, input_type=dict]
    For further information visit https://errors.pydantic.dev/2.12/v/missing
timestamp_ref
  Field required [type=missing, input_value={'identity': {'role': 'Wo...t': 80, 'bytes': 88015}}, input_type=dict]
    For further information visit https://errors.pydantic.dev/2.12/v/missing
host
  Field required [type=missing, input_value={'identity': {'role': 'Wo...t': 80, 'bytes': 88015}}, input_type=dict]
    For further information visit https://errors.pydantic.dev/2.12/v/missing
event
  Unable to extract tag using discriminator 'type' [type=union_tag_not_found, input_value={'user': 'user', 'action'...py': 3.0159247304212595}, input_type=dict]
    For further information visit https://errors.pydantic.dev/2.12/v/union_tag_not_found
Validation Error: 4 validation errors for LogEntry
role
  Field required [type=missing, input_value={'identity': {'role': 'Wo...': 443, 'bytes': 99768}}, input_type=dict]
    For further information visit https://errors.pydantic.dev/2.12/v/missing
timestamp_ref
  Field required [type=missing, input_value={'identity': {'role': 'Wo...': 443, 'bytes': 99768}}, input_type=dict]
    For further information visit https://errors.pydantic.dev/2.12/v/missing
host
  Field required [type=missing, input_value={'identity': {'role': 'Wo...': 443, 'bytes': 99768}}, input_type=dict]
    For further information visit https://errors.pydantic.dev/2.12/v/missing
event
  Unable to extract tag using discriminator 'type' [type=union_tag_not_found, input_value={'user': 'user', 'action'...opy': 4.405525260069421}, input_type=dict]
    For further information visit https://errors.pydantic.dev/2.12/v/union_tag_not_found
Validation Error: 4 validation errors for LogEntry
role
  Field required [type=missing, input_value={'identity': {'role': 'Wo...t': 53, 'bytes': 69157}}, input_type=dict]
    For further information visit https://errors.pydantic.dev/2.12/v/missing
timestamp_ref
  Field required [type=missing, input_value={'identity': {'role': 'Wo...t': 53, 'bytes': 69157}}, input_type=dict]
    For further information visit https://errors.pydantic.dev/2.12/v/missing
host
  Field required [type=missing, input_value={'identity': {'role': 'Wo...t': 53, 'bytes': 69157}}, input_type=dict]
    For further information visit https://errors.pydantic.dev/2.12/v/missing
event
  Unable to extract tag using discriminator 'type' [type=union_tag_not_found, input_value={'user': 'user', 'action'...py': 3.9105914517396654}, input_type=dict]
    For further information visit https://errors.pydantic.dev/2.12/v/union_tag_not_found
Validation Error: 4 validation errors for LogEntry
role
  Field required [type=missing, input_value={'identity': {'role': 'Wo...t': 80, 'bytes': 67493}}, input_type=dict]
    For further information visit https://errors.pydantic.dev/2.12/v/missing
timestamp_ref
  Field required [type=missing, input_value={'identity': {'role': 'Wo...t': 80, 'bytes': 67493}}, input_type=dict]
    For further information visit https://errors.pydantic.dev/2.12/v/missing
host
  Field required [type=missing, input_value={'identity': {'role': 'Wo...t': 80, 'bytes': 67493}}, input_type=dict]
    For further information visit https://errors.pydantic.dev/2.12/v/missing
event
  Unable to extract tag using discriminator 'type' [type=union_tag_not_found, input_value={'user': 'user', 'action'...ropy': 4.29802501596098}, input_type=dict]
    For further information visit https://errors.pydantic.dev/2.12/v/union_tag_not_found
Validation Error: 4 validation errors for LogEntry
role
  Field required [type=missing, input_value={'identity': {'role': 'Wo...': 443, 'bytes': 19309}}, input_type=dict]
    For further information visit https://errors.pydantic.dev/2.12/v/missing
timestamp_ref
  Field required [type=missing, input_value={'identity': {'role': 'Wo...': 443, 'bytes': 19309}}, input_type=dict]
    For further information visit https://errors.pydantic.dev/2.12/v/missing
host
  Field required [type=missing, input_value={'identity': {'role': 'Wo...': 443, 'bytes': 19309}}, input_type=dict]
    For further information visit https://errors.pydantic.dev/2.12/v/missing
event
  Unable to extract tag using discriminator 'type' [type=union_tag_not_found, input_value={'user': 'user', 'action'...opy': 4.807410675591568}, input_type=dict]
    For further information visit https://errors.pydantic.dev/2.12/v/union_tag_not_found
Validation Error: 4 validation errors for LogEntry
role
  Field required [type=missing, input_value={'identity': {'role': 'Wo...rt': 22, 'bytes': 5838}}, input_type=dict]
    For further information visit https://errors.pydantic.dev/2.12/v/missing
timestamp_ref
  Field required [type=missing, input_value={'identity': {'role': 'Wo...rt': 22, 'bytes': 5838}}, input_type=dict]
    For further information visit https://errors.pydantic.dev/2.12/v/missing
host
  Field required [type=missing, input_value={'identity': {'role': 'Wo...rt': 22, 'bytes': 5838}}, input_type=dict]
    For further information visit https://errors.pydantic.dev/2.12/v/missing
event
  Unable to extract tag using discriminator 'type' [type=union_tag_not_found, input_value={'user': 'user', 'action'...py': 3.1209794085110447}, input_type=dict]
    For further information visit https://errors.pydantic.dev/2.12/v/union_tag_not_found
Validation Error: 4 validation errors for LogEntry
role
  Field required [type=missing, input_value={'identity': {'role': 'Wo...t': 80, 'bytes': 98444}}, input_type=dict]
    For further information visit https://errors.pydantic.dev/2.12/v/missing
timestamp_ref
  Field required [type=missing, input_value={'identity': {'role': 'Wo...t': 80, 'bytes': 98444}}, input_type=dict]
    For further information visit https://errors.pydantic.dev/2.12/v/missing
host
  Field required [type=missing, input_value={'identity': {'role': 'Wo...t': 80, 'bytes': 98444}}, input_type=dict]
    For further information visit https://errors.pydantic.dev/2.12/v/missing
event
  Unable to extract tag using discriminator 'type' [type=union_tag_not_found, input_value={'user': 'user', 'action'...py': 3.5802521362845914}, input_type=dict]
    For further information visit https://errors.pydantic.dev/2.12/v/union_tag_not_found
Validation Error: 4 validation errors for LogEntry
role
  Field required [type=missing, input_value={'identity': {'role': 'Wo...t': 53, 'bytes': 20601}}, input_type=dict]
    For further information visit https://errors.pydantic.dev/2.12/v/missing
timestamp_ref
  Field required [type=missing, input_value={'identity': {'role': 'Wo...t': 53, 'bytes': 20601}}, input_type=dict]
    For further information visit https://errors.pydantic.dev/2.12/v/missing
host
  Field required [type=missing, input_value={'identity': {'role': 'Wo...t': 53, 'bytes': 20601}}, input_type=dict]
    For further information visit https://errors.pydantic.dev/2.12/v/missing
event
  Unable to extract tag using discriminator 'type' [type=union_tag_not_found, input_value={'user': 'user', 'action'...opy': 4.660551188288853}, input_type=dict]
    For further information visit https://errors.pydantic.dev/2.12/v/union_tag_not_found
Validation Error: 4 validation errors for LogEntry
role
  Field required [type=missing, input_value={'identity': {'role': 'Wo...t': 53, 'bytes': 91039}}, input_type=dict]
    For further information visit https://errors.pydantic.dev/2.12/v/missing
timestamp_ref
  Field required [type=missing, input_value={'identity': {'role': 'Wo...t': 53, 'bytes': 91039}}, input_type=dict]
    For further information visit https://errors.pydantic.dev/2.12/v/missing
host
  Field required [type=missing, input_value={'identity': {'role': 'Wo...t': 53, 'bytes': 91039}}, input_type=dict]
    For further information visit https://errors.pydantic.dev/2.12/v/missing
event
  Unable to extract tag using discriminator 'type' [type=union_tag_not_found, input_value={'user': 'user', 'action'...opy': 3.690615681414485}, input_type=dict]
    For further information visit https://errors.pydantic.dev/2.12/v/union_tag_not_found
Validation Error: 4 validation errors for LogEntry
role
  Field required [type=missing, input_value={'identity': {'role': 'Wo...t': 22, 'bytes': 42525}}, input_type=dict]
    For further information visit https://errors.pydantic.dev/2.12/v/missing
timestamp_ref
  Field required [type=missing, input_value={'identity': {'role': 'Wo...t': 22, 'bytes': 42525}}, input_type=dict]
    For further information visit https://errors.pydantic.dev/2.12/v/missing
host
  Field required [type=missing, input_value={'identity': {'role': 'Wo...t': 22, 'bytes': 42525}}, input_type=dict]
    For further information visit https://errors.pydantic.dev/2.12/v/missing
event
  Unable to extract tag using discriminator 'type' [type=union_tag_not_found, input_value={'user': 'user', 'action'...py': 3.3101214735773024}, input_type=dict]
    For further information visit https://errors.pydantic.dev/2.12/v/union_tag_not_found
Validation Error: 4 validation errors for LogEntry
role
  Field required [type=missing, input_value={'identity': {'role': 'Wo...': 443, 'bytes': 77021}}, input_type=dict]
    For further information visit https://errors.pydantic.dev/2.12/v/missing
timestamp_ref
  Field required [type=missing, input_value={'identity': {'role': 'Wo...': 443, 'bytes': 77021}}, input_type=dict]
    For further information visit https://errors.pydantic.dev/2.12/v/missing
host
  Field required [type=missing, input_value={'identity': {'role': 'Wo...': 443, 'bytes': 77021}}, input_type=dict]
    For further information visit https://errors.pydantic.dev/2.12/v/missing
event
  Unable to extract tag using discriminator 'type' [type=union_tag_not_found, input_value={'user': 'user', 'action'...opy': 3.554918571712884}, input_type=dict]
    For further information visit https://errors.pydantic.dev/2.12/v/union_tag_not_found
Validation Error: 4 validation errors for LogEntry
role
  Field required [type=missing, input_value={'identity': {'role': 'Wo...t': 22, 'bytes': 69479}}, input_type=dict]
    For further information visit https://errors.pydantic.dev/2.12/v/missing
timestamp_ref
  Field required [type=missing, input_value={'identity': {'role': 'Wo...t': 22, 'bytes': 69479}}, input_type=dict]
    For further information visit https://errors.pydantic.dev/2.12/v/missing
host
  Field required [type=missing, input_value={'identity': {'role': 'Wo...t': 22, 'bytes': 69479}}, input_type=dict]
    For further information visit https://errors.pydantic.dev/2.12/v/missing
event
  Unable to extract tag using discriminator 'type' [type=union_tag_not_found, input_value={'user': 'user', 'action'...opy': 4.861347581790308}, input_type=dict]
    For further information visit https://errors.pydantic.dev/2.12/v/union_tag_not_found
Validation Error: 4 validation errors for LogEntry
role
  Field required [type=missing, input_value={'identity': {'role': 'Wo...t': 22, 'bytes': 91485}}, input_type=dict]
    For further information visit https://errors.pydantic.dev/2.12/v/missing
timestamp_ref
  Field required [type=missing, input_value={'identity': {'role': 'Wo...t': 22, 'bytes': 91485}}, input_type=dict]
    For further information visit https://errors.pydantic.dev/2.12/v/missing
host
  Field required [type=missing, input_value={'identity': {'role': 'Wo...t': 22, 'bytes': 91485}}, input_type=dict]
    For further information visit https://errors.pydantic.dev/2.12/v/missing
event
  Unable to extract tag using discriminator 'type' [type=union_tag_not_found, input_value={'user': 'user', 'action'...opy': 3.799598151733499}, input_type=dict]
    For further information visit https://errors.pydantic.dev/2.12/v/union_tag_not_found
Validation Error: 4 validation errors for LogEntry
role
  Field required [type=missing, input_value={'identity': {'role': 'Wo...': 443, 'bytes': 29926}}, input_type=dict]
    For further information visit https://errors.pydantic.dev/2.12/v/missing
timestamp_ref
  Field required [type=missing, input_value={'identity': {'role': 'Wo...': 443, 'bytes': 29926}}, input_type=dict]
    For further information visit https://errors.pydantic.dev/2.12/v/missing
host
  Field required [type=missing, input_value={'identity': {'role': 'Wo...': 443, 'bytes': 29926}}, input_type=dict]
    For further information visit https://errors.pydantic.dev/2.12/v/missing
event
  Unable to extract tag using discriminator 'type' [type=union_tag_not_found, input_value={'user': 'user', 'action'...opy': 4.724493400572664}, input_type=dict]
    For further information visit https://errors.pydantic.dev/2.12/v/union_tag_not_found
Validation Error: 4 validation errors for LogEntry
role
  Field required [type=missing, input_value={'identity': {'role': 'Wo...': 443, 'bytes': 29769}}, input_type=dict]
    For further information visit https://errors.pydantic.dev/2.12/v/missing
timestamp_ref
  Field required [type=missing, input_value={'identity': {'role': 'Wo...': 443, 'bytes': 29769}}, input_type=dict]
    For further information visit https://errors.pydantic.dev/2.12/v/missing
host
  Field required [type=missing, input_value={'identity': {'role': 'Wo...': 443, 'bytes': 29769}}, input_type=dict]
    For further information visit https://errors.pydantic.dev/2.12/v/missing
event
  Unable to extract tag using discriminator 'type' [type=union_tag_not_found, input_value={'user': 'user', 'action'...opy': 3.536829477510451}, input_type=dict]
    For further information visit https://errors.pydantic.dev/2.12/v/union_tag_not_found
Validation Error: 4 validation errors for LogEntry
role
  Field required [type=missing, input_value={'identity': {'role': 'Wo...rt': 22, 'bytes': 1435}}, input_type=dict]
    For further information visit https://errors.pydantic.dev/2.12/v/missing
timestamp_ref
  Field required [type=missing, input_value={'identity': {'role': 'Wo...rt': 22, 'bytes': 1435}}, input_type=dict]
    For further information visit https://errors.pydantic.dev/2.12/v/missing
host
  Field required [type=missing, input_value={'identity': {'role': 'Wo...rt': 22, 'bytes': 1435}}, input_type=dict]
    For further information visit https://errors.pydantic.dev/2.12/v/missing
event
  Unable to extract tag using discriminator 'type' [type=union_tag_not_found, input_value={'user': 'user', 'action'...ropy': 3.14782863451522}, input_type=dict]
    For further information visit https://errors.pydantic.dev/2.12/v/union_tag_not_found
Validation Error: 4 validation errors for LogEntry
role
  Field required [type=missing, input_value={'identity': {'role': 'Wo...rt': 53, 'bytes': 3937}}, input_type=dict]
    For further information visit https://errors.pydantic.dev/2.12/v/missing
timestamp_ref
  Field required [type=missing, input_value={'identity': {'role': 'Wo...rt': 53, 'bytes': 3937}}, input_type=dict]
    For further information visit https://errors.pydantic.dev/2.12/v/missing
host
  Field required [type=missing, input_value={'identity': {'role': 'Wo...rt': 53, 'bytes': 3937}}, input_type=dict]
    For further information visit https://errors.pydantic.dev/2.12/v/missing
event
  Unable to extract tag using discriminator 'type' [type=union_tag_not_found, input_value={'user': 'user', 'action'...py': 4.8422289840626895}, input_type=dict]
    For further information visit https://errors.pydantic.dev/2.12/v/union_tag_not_found
Validation Error: 4 validation errors for LogEntry
role
  Field required [type=missing, input_value={'identity': {'role': 'Wo...': 443, 'bytes': 39017}}, input_type=dict]
    For further information visit https://errors.pydantic.dev/2.12/v/missing
timestamp_ref
  Field required [type=missing, input_value={'identity': {'role': 'Wo...': 443, 'bytes': 39017}}, input_type=dict]
    For further information visit https://errors.pydantic.dev/2.12/v/missing
host
  Field required [type=missing, input_value={'identity': {'role': 'Wo...': 443, 'bytes': 39017}}, input_type=dict]
    For further information visit https://errors.pydantic.dev/2.12/v/missing
event
  Unable to extract tag using discriminator 'type' [type=union_tag_not_found, input_value={'user': 'user', 'action'...opy': 4.239586562522968}, input_type=dict]
    For further information visit https://errors.pydantic.dev/2.12/v/union_tag_not_found
Validation Error: 4 validation errors for LogEntry
role
  Field required [type=missing, input_value={'identity': {'role': 'Wo...rt': 22, 'bytes': 7684}}, input_type=dict]
    For further information visit https://errors.pydantic.dev/2.12/v/missing
timestamp_ref
  Field required [type=missing, input_value={'identity': {'role': 'Wo...rt': 22, 'bytes': 7684}}, input_type=dict]
    For further information visit https://errors.pydantic.dev/2.12/v/missing
host
  Field required [type=missing, input_value={'identity': {'role': 'Wo...rt': 22, 'bytes': 7684}}, input_type=dict]
    For further information visit https://errors.pydantic.dev/2.12/v/missing
event
  Unable to extract tag using discriminator 'type' [type=union_tag_not_found, input_value={'user': 'user', 'action'...opy': 3.107759782132631}, input_type=dict]
    For further information visit https://errors.pydantic.dev/2.12/v/union_tag_not_found
Validation Error: 4 validation errors for LogEntry
role
  Field required [type=missing, input_value={'identity': {'role': 'Wo...t': 53, 'bytes': 79130}}, input_type=dict]
    For further information visit https://errors.pydantic.dev/2.12/v/missing
timestamp_ref
  Field required [type=missing, input_value={'identity': {'role': 'Wo...t': 53, 'bytes': 79130}}, input_type=dict]
    For further information visit https://errors.pydantic.dev/2.12/v/missing
host
  Field required [type=missing, input_value={'identity': {'role': 'Wo...t': 53, 'bytes': 79130}}, input_type=dict]
    For further information visit https://errors.pydantic.dev/2.12/v/missing
event
  Unable to extract tag using discriminator 'type' [type=union_tag_not_found, input_value={'user': 'user', 'action'...py': 4.5318004262539535}, input_type=dict]
    For further information visit https://errors.pydantic.dev/2.12/v/union_tag_not_found
Validation Error: 4 validation errors for LogEntry
role
  Field required [type=missing, input_value={'identity': {'role': 'Wo...t': 22, 'bytes': 40504}}, input_type=dict]
    For further information visit https://errors.pydantic.dev/2.12/v/missing
timestamp_ref
  Field required [type=missing, input_value={'identity': {'role': 'Wo...t': 22, 'bytes': 40504}}, input_type=dict]
    For further information visit https://errors.pydantic.dev/2.12/v/missing
host
  Field required [type=missing, input_value={'identity': {'role': 'Wo...t': 22, 'bytes': 40504}}, input_type=dict]
    For further information visit https://errors.pydantic.dev/2.12/v/missing
event
  Unable to extract tag using discriminator 'type' [type=union_tag_not_found, input_value={'user': 'user', 'action'...opy': 4.408533213032126}, input_type=dict]
    For further information visit https://errors.pydantic.dev/2.12/v/union_tag_not_found
Validation Error: 4 validation errors for LogEntry
role
  Field required [type=missing, input_value={'identity': {'role': 'Wo...t': 80, 'bytes': 57326}}, input_type=dict]
    For further information visit https://errors.pydantic.dev/2.12/v/missing
timestamp_ref
  Field required [type=missing, input_value={'identity': {'role': 'Wo...t': 80, 'bytes': 57326}}, input_type=dict]
    For further information visit https://errors.pydantic.dev/2.12/v/missing
host
  Field required [type=missing, input_value={'identity': {'role': 'Wo...t': 80, 'bytes': 57326}}, input_type=dict]
    For further information visit https://errors.pydantic.dev/2.12/v/missing
event
  Unable to extract tag using discriminator 'type' [type=union_tag_not_found, input_value={'user': 'user', 'action'...py': 3.0763384318200626}, input_type=dict]
    For further information visit https://errors.pydantic.dev/2.12/v/union_tag_not_found
Validation Error: 4 validation errors for LogEntry
role
  Field required [type=missing, input_value={'identity': {'role': 'Wo...t': 53, 'bytes': 33546}}, input_type=dict]
    For further information visit https://errors.pydantic.dev/2.12/v/missing
timestamp_ref
  Field required [type=missing, input_value={'identity': {'role': 'Wo...t': 53, 'bytes': 33546}}, input_type=dict]
    For further information visit https://errors.pydantic.dev/2.12/v/missing
host
  Field required [type=missing, input_value={'identity': {'role': 'Wo...t': 53, 'bytes': 33546}}, input_type=dict]
    For further information visit https://errors.pydantic.dev/2.12/v/missing
event
  Unable to extract tag using discriminator 'type' [type=union_tag_not_found, input_value={'user': 'user', 'action'...opy': 4.634279731858543}, input_type=dict]
    For further information visit https://errors.pydantic.dev/2.12/v/union_tag_not_found
Validation Error: 4 validation errors for LogEntry
role
  Field required [type=missing, input_value={'identity': {'role': 'Wo...t': 22, 'bytes': 87413}}, input_type=dict]
    For further information visit https://errors.pydantic.dev/2.12/v/missing
timestamp_ref
  Field required [type=missing, input_value={'identity': {'role': 'Wo...t': 22, 'bytes': 87413}}, input_type=dict]
    For further information visit https://errors.pydantic.dev/2.12/v/missing
host
  Field required [type=missing, input_value={'identity': {'role': 'Wo...t': 22, 'bytes': 87413}}, input_type=dict]
    For further information visit https://errors.pydantic.dev/2.12/v/missing
event
  Unable to extract tag using discriminator 'type' [type=union_tag_not_found, input_value={'user': 'user', 'action'...py': 4.9361352836940355}, input_type=dict]
    For further information visit https://errors.pydantic.dev/2.12/v/union_tag_not_found
Validation Error: 4 validation errors for LogEntry
role
  Field required [type=missing, input_value={'identity': {'role': 'Wo...t': 22, 'bytes': 59682}}, input_type=dict]
    For further information visit https://errors.pydantic.dev/2.12/v/missing
timestamp_ref
  Field required [type=missing, input_value={'identity': {'role': 'Wo...t': 22, 'bytes': 59682}}, input_type=dict]
    For further information visit https://errors.pydantic.dev/2.12/v/missing
host
  Field required [type=missing, input_value={'identity': {'role': 'Wo...t': 22, 'bytes': 59682}}, input_type=dict]
    For further information visit https://errors.pydantic.dev/2.12/v/missing
event
  Unable to extract tag using discriminator 'type' [type=union_tag_not_found, input_value={'user': 'user', 'action'...opy': 4.801995853349977}, input_type=dict]
    For further information visit https://errors.pydantic.dev/2.12/v/union_tag_not_found
Validation Error: 4 validation errors for LogEntry
role
  Field required [type=missing, input_value={'identity': {'role': 'Wo...': 443, 'bytes': 88765}}, input_type=dict]
    For further information visit https://errors.pydantic.dev/2.12/v/missing
timestamp_ref
  Field required [type=missing, input_value={'identity': {'role': 'Wo...': 443, 'bytes': 88765}}, input_type=dict]
    For further information visit https://errors.pydantic.dev/2.12/v/missing
host
  Field required [type=missing, input_value={'identity': {'role': 'Wo...': 443, 'bytes': 88765}}, input_type=dict]
    For further information visit https://errors.pydantic.dev/2.12/v/missing
event
  Unable to extract tag using discriminator 'type' [type=union_tag_not_found, input_value={'user': 'user', 'action'...opy': 4.560625102654874}, input_type=dict]
    For further information visit https://errors.pydantic.dev/2.12/v/union_tag_not_found
Validation Error: 4 validation errors for LogEntry
role
  Field required [type=missing, input_value={'identity': {'role': 'Wo...t': 53, 'bytes': 54879}}, input_type=dict]
    For further information visit https://errors.pydantic.dev/2.12/v/missing
timestamp_ref
  Field required [type=missing, input_value={'identity': {'role': 'Wo...t': 53, 'bytes': 54879}}, input_type=dict]
    For further information visit https://errors.pydantic.dev/2.12/v/missing
host
  Field required [type=missing, input_value={'identity': {'role': 'Wo...t': 53, 'bytes': 54879}}, input_type=dict]
    For further information visit https://errors.pydantic.dev/2.12/v/missing
event
  Unable to extract tag using discriminator 'type' [type=union_tag_not_found, input_value={'user': 'user', 'action'...py': 4.8144883733212565}, input_type=dict]
    For further information visit https://errors.pydantic.dev/2.12/v/union_tag_not_found
Validation Error: 4 validation errors for LogEntry
role
  Field required [type=missing, input_value={'identity': {'role': 'Wo...': 443, 'bytes': 28980}}, input_type=dict]
    For further information visit https://errors.pydantic.dev/2.12/v/missing
timestamp_ref
  Field required [type=missing, input_value={'identity': {'role': 'Wo...': 443, 'bytes': 28980}}, input_type=dict]
    For further information visit https://errors.pydantic.dev/2.12/v/missing
host
  Field required [type=missing, input_value={'identity': {'role': 'Wo...': 443, 'bytes': 28980}}, input_type=dict]
    For further information visit https://errors.pydantic.dev/2.12/v/missing
event
  Unable to extract tag using discriminator 'type' [type=union_tag_not_found, input_value={'user': 'user', 'action'...py': 4.5909993528880015}, input_type=dict]
    For further information visit https://errors.pydantic.dev/2.12/v/union_tag_not_found
Validation Error: 4 validation errors for LogEntry
role
  Field required [type=missing, input_value={'identity': {'role': 'Wo...': 443, 'bytes': 33338}}, input_type=dict]
    For further information visit https://errors.pydantic.dev/2.12/v/missing
timestamp_ref
  Field required [type=missing, input_value={'identity': {'role': 'Wo...': 443, 'bytes': 33338}}, input_type=dict]
    For further information visit https://errors.pydantic.dev/2.12/v/missing
host
  Field required [type=missing, input_value={'identity': {'role': 'Wo...': 443, 'bytes': 33338}}, input_type=dict]
    For further information visit https://errors.pydantic.dev/2.12/v/missing
event
  Unable to extract tag using discriminator 'type' [type=union_tag_not_found, input_value={'user': 'user', 'action'...py': 3.0691086048575755}, input_type=dict]
    For further information visit https://errors.pydantic.dev/2.12/v/union_tag_not_found
Validation Error: 4 validation errors for LogEntry
role
  Field required [type=missing, input_value={'identity': {'role': 'Wo...t': 80, 'bytes': 34680}}, input_type=dict]
    For further information visit https://errors.pydantic.dev/2.12/v/missing
timestamp_ref
  Field required [type=missing, input_value={'identity': {'role': 'Wo...t': 80, 'bytes': 34680}}, input_type=dict]
    For further information visit https://errors.pydantic.dev/2.12/v/missing
host
  Field required [type=missing, input_value={'identity': {'role': 'Wo...t': 80, 'bytes': 34680}}, input_type=dict]
    For further information visit https://errors.pydantic.dev/2.12/v/missing
event
  Unable to extract tag using discriminator 'type' [type=union_tag_not_found, input_value={'user': 'user', 'action'...py': 3.3847679327124425}, input_type=dict]
    For further information visit https://errors.pydantic.dev/2.12/v/union_tag_not_found
Validation Error: 4 validation errors for LogEntry
role
  Field required [type=missing, input_value={'identity': {'role': 'Wo...t': 443, 'bytes': 5087}}, input_type=dict]
    For further information visit https://errors.pydantic.dev/2.12/v/missing
timestamp_ref
  Field required [type=missing, input_value={'identity': {'role': 'Wo...t': 443, 'bytes': 5087}}, input_type=dict]
    For further information visit https://errors.pydantic.dev/2.12/v/missing
host
  Field required [type=missing, input_value={'identity': {'role': 'Wo...t': 443, 'bytes': 5087}}, input_type=dict]
    For further information visit https://errors.pydantic.dev/2.12/v/missing
event
  Unable to extract tag using discriminator 'type' [type=union_tag_not_found, input_value={'user': 'user', 'action'...opy': 4.512311921744576}, input_type=dict]
    For further information visit https://errors.pydantic.dev/2.12/v/union_tag_not_found
Validation Error: 4 validation errors for LogEntry
role
  Field required [type=missing, input_value={'identity': {'role': 'Wo...t': 80, 'bytes': 93061}}, input_type=dict]
    For further information visit https://errors.pydantic.dev/2.12/v/missing
timestamp_ref
  Field required [type=missing, input_value={'identity': {'role': 'Wo...t': 80, 'bytes': 93061}}, input_type=dict]
    For further information visit https://errors.pydantic.dev/2.12/v/missing
host
  Field required [type=missing, input_value={'identity': {'role': 'Wo...t': 80, 'bytes': 93061}}, input_type=dict]
    For further information visit https://errors.pydantic.dev/2.12/v/missing
event
  Unable to extract tag using discriminator 'type' [type=union_tag_not_found, input_value={'user': 'user', 'action'...opy': 4.964587327843831}, input_type=dict]
    For further information visit https://errors.pydantic.dev/2.12/v/union_tag_not_found
Validation Error: 4 validation errors for LogEntry
role
  Field required [type=missing, input_value={'identity': {'role': 'Wo...t': 53, 'bytes': 23353}}, input_type=dict]
    For further information visit https://errors.pydantic.dev/2.12/v/missing
timestamp_ref
  Field required [type=missing, input_value={'identity': {'role': 'Wo...t': 53, 'bytes': 23353}}, input_type=dict]
    For further information visit https://errors.pydantic.dev/2.12/v/missing
host
  Field required [type=missing, input_value={'identity': {'role': 'Wo...t': 53, 'bytes': 23353}}, input_type=dict]
    For further information visit https://errors.pydantic.dev/2.12/v/missing
event
  Unable to extract tag using discriminator 'type' [type=union_tag_not_found, input_value={'user': 'user', 'action'...py': 4.8123277452933975}, input_type=dict]
    For further information visit https://errors.pydantic.dev/2.12/v/union_tag_not_found
Validation Error: 4 validation errors for LogEntry
role
  Field required [type=missing, input_value={'identity': {'role': 'Wo...t': 53, 'bytes': 52701}}, input_type=dict]
    For further information visit https://errors.pydantic.dev/2.12/v/missing
timestamp_ref
  Field required [type=missing, input_value={'identity': {'role': 'Wo...t': 53, 'bytes': 52701}}, input_type=dict]
    For further information visit https://errors.pydantic.dev/2.12/v/missing
host
  Field required [type=missing, input_value={'identity': {'role': 'Wo...t': 53, 'bytes': 52701}}, input_type=dict]
    For further information visit https://errors.pydantic.dev/2.12/v/missing
event
  Unable to extract tag using discriminator 'type' [type=union_tag_not_found, input_value={'user': 'user', 'action'...opy': 4.880506605968952}, input_type=dict]
    For further information visit https://errors.pydantic.dev/2.12/v/union_tag_not_found
Validation Error: 4 validation errors for LogEntry
role
  Field required [type=missing, input_value={'identity': {'role': 'Wo...': 443, 'bytes': 57968}}, input_type=dict]
    For further information visit https://errors.pydantic.dev/2.12/v/missing
timestamp_ref
  Field required [type=missing, input_value={'identity': {'role': 'Wo...': 443, 'bytes': 57968}}, input_type=dict]
    For further information visit https://errors.pydantic.dev/2.12/v/missing
host
  Field required [type=missing, input_value={'identity': {'role': 'Wo...': 443, 'bytes': 57968}}, input_type=dict]
    For further information visit https://errors.pydantic.dev/2.12/v/missing
event
  Unable to extract tag using discriminator 'type' [type=union_tag_not_found, input_value={'user': 'user', 'action'...opy': 4.454880337844516}, input_type=dict]
    For further information visit https://errors.pydantic.dev/2.12/v/union_tag_not_found
Validation Error: 4 validation errors for LogEntry
role
  Field required [type=missing, input_value={'identity': {'role': 'Wo...t': 53, 'bytes': 36557}}, input_type=dict]
    For further information visit https://errors.pydantic.dev/2.12/v/missing
timestamp_ref
  Field required [type=missing, input_value={'identity': {'role': 'Wo...t': 53, 'bytes': 36557}}, input_type=dict]
    For further information visit https://errors.pydantic.dev/2.12/v/missing
host
  Field required [type=missing, input_value={'identity': {'role': 'Wo...t': 53, 'bytes': 36557}}, input_type=dict]
    For further information visit https://errors.pydantic.dev/2.12/v/missing
event
  Unable to extract tag using discriminator 'type' [type=union_tag_not_found, input_value={'user': 'user', 'action'...opy': 4.870886899805326}, input_type=dict]
    For further information visit https://errors.pydantic.dev/2.12/v/union_tag_not_found
Validation Error: 4 validation errors for LogEntry
role
  Field required [type=missing, input_value={'identity': {'role': 'Wo...t': 80, 'bytes': 26951}}, input_type=dict]
    For further information visit https://errors.pydantic.dev/2.12/v/missing
timestamp_ref
  Field required [type=missing, input_value={'identity': {'role': 'Wo...t': 80, 'bytes': 26951}}, input_type=dict]
    For further information visit https://errors.pydantic.dev/2.12/v/missing
host
  Field required [type=missing, input_value={'identity': {'role': 'Wo...t': 80, 'bytes': 26951}}, input_type=dict]
    For further information visit https://errors.pydantic.dev/2.12/v/missing
event
  Unable to extract tag using discriminator 'type' [type=union_tag_not_found, input_value={'user': 'user', 'action'...opy': 3.937520272988275}, input_type=dict]
    For further information visit https://errors.pydantic.dev/2.12/v/union_tag_not_found
Validation Error: 4 validation errors for LogEntry
role
  Field required [type=missing, input_value={'identity': {'role': 'Wo...t': 53, 'bytes': 88921}}, input_type=dict]
    For further information visit https://errors.pydantic.dev/2.12/v/missing
timestamp_ref
  Field required [type=missing, input_value={'identity': {'role': 'Wo...t': 53, 'bytes': 88921}}, input_type=dict]
    For further information visit https://errors.pydantic.dev/2.12/v/missing
host
  Field required [type=missing, input_value={'identity': {'role': 'Wo...t': 53, 'bytes': 88921}}, input_type=dict]
    For further information visit https://errors.pydantic.dev/2.12/v/missing
event
  Unable to extract tag using discriminator 'type' [type=union_tag_not_found, input_value={'user': 'user', 'action'...opy': 3.833547370580814}, input_type=dict]
    For further information visit https://errors.pydantic.dev/2.12/v/union_tag_not_found
Validation Error: 4 validation errors for LogEntry
role
  Field required [type=missing, input_value={'identity': {'role': 'Wo...t': 22, 'bytes': 91875}}, input_type=dict]
    For further information visit https://errors.pydantic.dev/2.12/v/missing
timestamp_ref
  Field required [type=missing, input_value={'identity': {'role': 'Wo...t': 22, 'bytes': 91875}}, input_type=dict]
    For further information visit https://errors.pydantic.dev/2.12/v/missing
host
  Field required [type=missing, input_value={'identity': {'role': 'Wo...t': 22, 'bytes': 91875}}, input_type=dict]
    For further information visit https://errors.pydantic.dev/2.12/v/missing
event
  Unable to extract tag using discriminator 'type' [type=union_tag_not_found, input_value={'user': 'user', 'action'...opy': 4.348906452082362}, input_type=dict]
    For further information visit https://errors.pydantic.dev/2.12/v/union_tag_not_found
Validation Error: 4 validation errors for LogEntry
role
  Field required [type=missing, input_value={'identity': {'role': 'Wo...t': 53, 'bytes': 10250}}, input_type=dict]
    For further information visit https://errors.pydantic.dev/2.12/v/missing
timestamp_ref
  Field required [type=missing, input_value={'identity': {'role': 'Wo...t': 53, 'bytes': 10250}}, input_type=dict]
    For further information visit https://errors.pydantic.dev/2.12/v/missing
host
  Field required [type=missing, input_value={'identity': {'role': 'Wo...t': 53, 'bytes': 10250}}, input_type=dict]
    For further information visit https://errors.pydantic.dev/2.12/v/missing
event
  Unable to extract tag using discriminator 'type' [type=union_tag_not_found, input_value={'user': 'user', 'action'...py': 3.6398759884547243}, input_type=dict]
    For further information visit https://errors.pydantic.dev/2.12/v/union_tag_not_found
Validation Error: 4 validation errors for LogEntry
role
  Field required [type=missing, input_value={'identity': {'role': 'Wo...': 443, 'bytes': 30236}}, input_type=dict]
    For further information visit https://errors.pydantic.dev/2.12/v/missing
timestamp_ref
  Field required [type=missing, input_value={'identity': {'role': 'Wo...': 443, 'bytes': 30236}}, input_type=dict]
    For further information visit https://errors.pydantic.dev/2.12/v/missing
host
  Field required [type=missing, input_value={'identity': {'role': 'Wo...': 443, 'bytes': 30236}}, input_type=dict]
    For further information visit https://errors.pydantic.dev/2.12/v/missing
event
  Unable to extract tag using discriminator 'type' [type=union_tag_not_found, input_value={'user': 'user', 'action'...py': 3.4362913051118236}, input_type=dict]
    For further information visit https://errors.pydantic.dev/2.12/v/union_tag_not_found
Validation Error: 4 validation errors for LogEntry
role
  Field required [type=missing, input_value={'identity': {'role': 'Wo...': 443, 'bytes': 88311}}, input_type=dict]
    For further information visit https://errors.pydantic.dev/2.12/v/missing
timestamp_ref
  Field required [type=missing, input_value={'identity': {'role': 'Wo...': 443, 'bytes': 88311}}, input_type=dict]
    For further information visit https://errors.pydantic.dev/2.12/v/missing
host
  Field required [type=missing, input_value={'identity': {'role': 'Wo...': 443, 'bytes': 88311}}, input_type=dict]
    For further information visit https://errors.pydantic.dev/2.12/v/missing
event
  Unable to extract tag using discriminator 'type' [type=union_tag_not_found, input_value={'user': 'user', 'action'...ropy': 4.11815248157949}, input_type=dict]
    For further information visit https://errors.pydantic.dev/2.12/v/union_tag_not_found
Validation Error: 4 validation errors for LogEntry
role
  Field required [type=missing, input_value={'identity': {'role': 'Wo...t': 22, 'bytes': 77883}}, input_type=dict]
    For further information visit https://errors.pydantic.dev/2.12/v/missing
timestamp_ref
  Field required [type=missing, input_value={'identity': {'role': 'Wo...t': 22, 'bytes': 77883}}, input_type=dict]
    For further information visit https://errors.pydantic.dev/2.12/v/missing
host
  Field required [type=missing, input_value={'identity': {'role': 'Wo...t': 22, 'bytes': 77883}}, input_type=dict]
    For further information visit https://errors.pydantic.dev/2.12/v/missing
event
  Unable to extract tag using discriminator 'type' [type=union_tag_not_found, input_value={'user': 'user', 'action'...opy': 4.388296583858679}, input_type=dict]
    For further information visit https://errors.pydantic.dev/2.12/v/union_tag_not_found
Validation Error: 4 validation errors for LogEntry
role
  Field required [type=missing, input_value={'identity': {'role': 'Wo...t': 22, 'bytes': 94534}}, input_type=dict]
    For further information visit https://errors.pydantic.dev/2.12/v/missing
timestamp_ref
  Field required [type=missing, input_value={'identity': {'role': 'Wo...t': 22, 'bytes': 94534}}, input_type=dict]
    For further information visit https://errors.pydantic.dev/2.12/v/missing
host
  Field required [type=missing, input_value={'identity': {'role': 'Wo...t': 22, 'bytes': 94534}}, input_type=dict]
    For further information visit https://errors.pydantic.dev/2.12/v/missing
event
  Unable to extract tag using discriminator 'type' [type=union_tag_not_found, input_value={'user': 'user', 'action'...opy': 4.366374515681868}, input_type=dict]
    For further information visit https://errors.pydantic.dev/2.12/v/union_tag_not_found
Validation Error: 4 validation errors for LogEntry
role
  Field required [type=missing, input_value={'identity': {'role': 'Wo...t': 80, 'bytes': 32943}}, input_type=dict]
    For further information visit https://errors.pydantic.dev/2.12/v/missing
timestamp_ref
  Field required [type=missing, input_value={'identity': {'role': 'Wo...t': 80, 'bytes': 32943}}, input_type=dict]
    For further information visit https://errors.pydantic.dev/2.12/v/missing
host
  Field required [type=missing, input_value={'identity': {'role': 'Wo...t': 80, 'bytes': 32943}}, input_type=dict]
    For further information visit https://errors.pydantic.dev/2.12/v/missing
event
  Unable to extract tag using discriminator 'type' [type=union_tag_not_found, input_value={'user': 'user', 'action'...opy': 3.653117112957305}, input_type=dict]
    For further information visit https://errors.pydantic.dev/2.12/v/union_tag_not_found
Validation Error: 4 validation errors for LogEntry
role
  Field required [type=missing, input_value={'identity': {'role': 'Wo...t': 80, 'bytes': 64657}}, input_type=dict]
    For further information visit https://errors.pydantic.dev/2.12/v/missing
timestamp_ref
  Field required [type=missing, input_value={'identity': {'role': 'Wo...t': 80, 'bytes': 64657}}, input_type=dict]
    For further information visit https://errors.pydantic.dev/2.12/v/missing
host
  Field required [type=missing, input_value={'identity': {'role': 'Wo...t': 80, 'bytes': 64657}}, input_type=dict]
    For further information visit https://errors.pydantic.dev/2.12/v/missing
event
  Unable to extract tag using discriminator 'type' [type=union_tag_not_found, input_value={'user': 'user', 'action'...py': 3.0792287485062553}, input_type=dict]
    For further information visit https://errors.pydantic.dev/2.12/v/union_tag_not_found
Validation Error: 4 validation errors for LogEntry
role
  Field required [type=missing, input_value={'identity': {'role': 'Wo...t': 53, 'bytes': 56659}}, input_type=dict]
    For further information visit https://errors.pydantic.dev/2.12/v/missing
timestamp_ref
  Field required [type=missing, input_value={'identity': {'role': 'Wo...t': 53, 'bytes': 56659}}, input_type=dict]
    For further information visit https://errors.pydantic.dev/2.12/v/missing
host
  Field required [type=missing, input_value={'identity': {'role': 'Wo...t': 53, 'bytes': 56659}}, input_type=dict]
    For further information visit https://errors.pydantic.dev/2.12/v/missing
event
  Unable to extract tag using discriminator 'type' [type=union_tag_not_found, input_value={'user': 'user', 'action'...opy': 3.280188574715975}, input_type=dict]
    For further information visit https://errors.pydantic.dev/2.12/v/union_tag_not_found
Validation Error: 4 validation errors for LogEntry
role
  Field required [type=missing, input_value={'identity': {'role': 'Wo...t': 22, 'bytes': 92930}}, input_type=dict]
    For further information visit https://errors.pydantic.dev/2.12/v/missing
timestamp_ref
  Field required [type=missing, input_value={'identity': {'role': 'Wo...t': 22, 'bytes': 92930}}, input_type=dict]
    For further information visit https://errors.pydantic.dev/2.12/v/missing
host
  Field required [type=missing, input_value={'identity': {'role': 'Wo...t': 22, 'bytes': 92930}}, input_type=dict]
    For further information visit https://errors.pydantic.dev/2.12/v/missing
event
  Unable to extract tag using discriminator 'type' [type=union_tag_not_found, input_value={'user': 'user', 'action'...opy': 3.589485049969495}, input_type=dict]
    For further information visit https://errors.pydantic.dev/2.12/v/union_tag_not_found
Validation Error: 4 validation errors for LogEntry
role
  Field required [type=missing, input_value={'identity': {'role': 'Wo...': 443, 'bytes': 81579}}, input_type=dict]
    For further information visit https://errors.pydantic.dev/2.12/v/missing
timestamp_ref
  Field required [type=missing, input_value={'identity': {'role': 'Wo...': 443, 'bytes': 81579}}, input_type=dict]
    For further information visit https://errors.pydantic.dev/2.12/v/missing
host
  Field required [type=missing, input_value={'identity': {'role': 'Wo...': 443, 'bytes': 81579}}, input_type=dict]
    For further information visit https://errors.pydantic.dev/2.12/v/missing
event
  Unable to extract tag using discriminator 'type' [type=union_tag_not_found, input_value={'user': 'user', 'action'...opy': 3.939293423803266}, input_type=dict]
    For further information visit https://errors.pydantic.dev/2.12/v/union_tag_not_found
Validation Error: 4 validation errors for LogEntry
role
  Field required [type=missing, input_value={'identity': {'role': 'Wo...': 443, 'bytes': 92544}}, input_type=dict]
    For further information visit https://errors.pydantic.dev/2.12/v/missing
timestamp_ref
  Field required [type=missing, input_value={'identity': {'role': 'Wo...': 443, 'bytes': 92544}}, input_type=dict]
    For further information visit https://errors.pydantic.dev/2.12/v/missing
host
  Field required [type=missing, input_value={'identity': {'role': 'Wo...': 443, 'bytes': 92544}}, input_type=dict]
    For further information visit https://errors.pydantic.dev/2.12/v/missing
event
  Unable to extract tag using discriminator 'type' [type=union_tag_not_found, input_value={'user': 'user', 'action'...opy': 4.695179856175666}, input_type=dict]
    For further information visit https://errors.pydantic.dev/2.12/v/union_tag_not_found
Validation Error: 4 validation errors for LogEntry
role
  Field required [type=missing, input_value={'identity': {'role': 'Wo...t': 53, 'bytes': 78037}}, input_type=dict]
    For further information visit https://errors.pydantic.dev/2.12/v/missing
timestamp_ref
  Field required [type=missing, input_value={'identity': {'role': 'Wo...t': 53, 'bytes': 78037}}, input_type=dict]
    For further information visit https://errors.pydantic.dev/2.12/v/missing
host
  Field required [type=missing, input_value={'identity': {'role': 'Wo...t': 53, 'bytes': 78037}}, input_type=dict]
    For further information visit https://errors.pydantic.dev/2.12/v/missing
event
  Unable to extract tag using discriminator 'type' [type=union_tag_not_found, input_value={'user': 'user', 'action'...opy': 3.309830008207766}, input_type=dict]
    For further information visit https://errors.pydantic.dev/2.12/v/union_tag_not_found
Validation Error: 4 validation errors for LogEntry
role
  Field required [type=missing, input_value={'identity': {'role': 'Wo...t': 53, 'bytes': 51705}}, input_type=dict]
    For further information visit https://errors.pydantic.dev/2.12/v/missing
timestamp_ref
  Field required [type=missing, input_value={'identity': {'role': 'Wo...t': 53, 'bytes': 51705}}, input_type=dict]
    For further information visit https://errors.pydantic.dev/2.12/v/missing
host
  Field required [type=missing, input_value={'identity': {'role': 'Wo...t': 53, 'bytes': 51705}}, input_type=dict]
    For further information visit https://errors.pydantic.dev/2.12/v/missing
event
  Unable to extract tag using discriminator 'type' [type=union_tag_not_found, input_value={'user': 'user', 'action'...opy': 4.786028910205295}, input_type=dict]
    For further information visit https://errors.pydantic.dev/2.12/v/union_tag_not_found
Validation Error: 4 validation errors for LogEntry
role
  Field required [type=missing, input_value={'identity': {'role': 'Wo...t': 80, 'bytes': 33160}}, input_type=dict]
    For further information visit https://errors.pydantic.dev/2.12/v/missing
timestamp_ref
  Field required [type=missing, input_value={'identity': {'role': 'Wo...t': 80, 'bytes': 33160}}, input_type=dict]
    For further information visit https://errors.pydantic.dev/2.12/v/missing
host
  Field required [type=missing, input_value={'identity': {'role': 'Wo...t': 80, 'bytes': 33160}}, input_type=dict]
    For further information visit https://errors.pydantic.dev/2.12/v/missing
event
  Unable to extract tag using discriminator 'type' [type=union_tag_not_found, input_value={'user': 'user', 'action'...py': 4.6184000465150215}, input_type=dict]
    For further information visit https://errors.pydantic.dev/2.12/v/union_tag_not_found
Validation Error: 4 validation errors for LogEntry
role
  Field required [type=missing, input_value={'identity': {'role': 'Wo...t': 80, 'bytes': 98394}}, input_type=dict]
    For further information visit https://errors.pydantic.dev/2.12/v/missing
timestamp_ref
  Field required [type=missing, input_value={'identity': {'role': 'Wo...t': 80, 'bytes': 98394}}, input_type=dict]
    For further information visit https://errors.pydantic.dev/2.12/v/missing
host
  Field required [type=missing, input_value={'identity': {'role': 'Wo...t': 80, 'bytes': 98394}}, input_type=dict]
    For further information visit https://errors.pydantic.dev/2.12/v/missing
event
  Unable to extract tag using discriminator 'type' [type=union_tag_not_found, input_value={'user': 'user', 'action'...py': 3.1418416437267984}, input_type=dict]
    For further information visit https://errors.pydantic.dev/2.12/v/union_tag_not_found
Validation Error: 4 validation errors for LogEntry
role
  Field required [type=missing, input_value={'identity': {'role': 'Wo...t': 22, 'bytes': 34992}}, input_type=dict]
    For further information visit https://errors.pydantic.dev/2.12/v/missing
timestamp_ref
  Field required [type=missing, input_value={'identity': {'role': 'Wo...t': 22, 'bytes': 34992}}, input_type=dict]
    For further information visit https://errors.pydantic.dev/2.12/v/missing
host
  Field required [type=missing, input_value={'identity': {'role': 'Wo...t': 22, 'bytes': 34992}}, input_type=dict]
    For further information visit https://errors.pydantic.dev/2.12/v/missing
event
  Unable to extract tag using discriminator 'type' [type=union_tag_not_found, input_value={'user': 'user', 'action'...opy': 4.401829371275787}, input_type=dict]
    For further information visit https://errors.pydantic.dev/2.12/v/union_tag_not_found
Validation Error: 4 validation errors for LogEntry
role
  Field required [type=missing, input_value={'identity': {'role': 'Wo...t': 53, 'bytes': 51924}}, input_type=dict]
    For further information visit https://errors.pydantic.dev/2.12/v/missing
timestamp_ref
  Field required [type=missing, input_value={'identity': {'role': 'Wo...t': 53, 'bytes': 51924}}, input_type=dict]
    For further information visit https://errors.pydantic.dev/2.12/v/missing
host
  Field required [type=missing, input_value={'identity': {'role': 'Wo...t': 53, 'bytes': 51924}}, input_type=dict]
    For further information visit https://errors.pydantic.dev/2.12/v/missing
event
  Unable to extract tag using discriminator 'type' [type=union_tag_not_found, input_value={'user': 'user', 'action'...opy': 4.735823032889639}, input_type=dict]
    For further information visit https://errors.pydantic.dev/2.12/v/union_tag_not_found
Validation Error: 4 validation errors for LogEntry
role
  Field required [type=missing, input_value={'identity': {'role': 'Wo...t': 80, 'bytes': 60781}}, input_type=dict]
    For further information visit https://errors.pydantic.dev/2.12/v/missing
timestamp_ref
  Field required [type=missing, input_value={'identity': {'role': 'Wo...t': 80, 'bytes': 60781}}, input_type=dict]
    For further information visit https://errors.pydantic.dev/2.12/v/missing
host
  Field required [type=missing, input_value={'identity': {'role': 'Wo...t': 80, 'bytes': 60781}}, input_type=dict]
    For further information visit https://errors.pydantic.dev/2.12/v/missing
event
  Unable to extract tag using discriminator 'type' [type=union_tag_not_found, input_value={'user': 'user', 'action'...opy': 3.243203855739881}, input_type=dict]
    For further information visit https://errors.pydantic.dev/2.12/v/union_tag_not_found
Validation Error: 4 validation errors for LogEntry
role
  Field required [type=missing, input_value={'identity': {'role': 'Wo...t': 53, 'bytes': 75528}}, input_type=dict]
    For further information visit https://errors.pydantic.dev/2.12/v/missing
timestamp_ref
  Field required [type=missing, input_value={'identity': {'role': 'Wo...t': 53, 'bytes': 75528}}, input_type=dict]
    For further information visit https://errors.pydantic.dev/2.12/v/missing
host
  Field required [type=missing, input_value={'identity': {'role': 'Wo...t': 53, 'bytes': 75528}}, input_type=dict]
    For further information visit https://errors.pydantic.dev/2.12/v/missing
event
  Unable to extract tag using discriminator 'type' [type=union_tag_not_found, input_value={'user': 'user', 'action'...opy': 3.343609542818769}, input_type=dict]
    For further information visit https://errors.pydantic.dev/2.12/v/union_tag_not_found
Validation Error: 4 validation errors for LogEntry
role
  Field required [type=missing, input_value={'identity': {'role': 'Wo...t': 80, 'bytes': 32398}}, input_type=dict]
    For further information visit https://errors.pydantic.dev/2.12/v/missing
timestamp_ref
  Field required [type=missing, input_value={'identity': {'role': 'Wo...t': 80, 'bytes': 32398}}, input_type=dict]
    For further information visit https://errors.pydantic.dev/2.12/v/missing
host
  Field required [type=missing, input_value={'identity': {'role': 'Wo...t': 80, 'bytes': 32398}}, input_type=dict]
    For further information visit https://errors.pydantic.dev/2.12/v/missing
event
  Unable to extract tag using discriminator 'type' [type=union_tag_not_found, input_value={'user': 'user', 'action'...opy': 4.285083715903643}, input_type=dict]
    For further information visit https://errors.pydantic.dev/2.12/v/union_tag_not_found
Validation Error: 4 validation errors for LogEntry
role
  Field required [type=missing, input_value={'identity': {'role': 'Wo...t': 80, 'bytes': 57535}}, input_type=dict]
    For further information visit https://errors.pydantic.dev/2.12/v/missing
timestamp_ref
  Field required [type=missing, input_value={'identity': {'role': 'Wo...t': 80, 'bytes': 57535}}, input_type=dict]
    For further information visit https://errors.pydantic.dev/2.12/v/missing
host
  Field required [type=missing, input_value={'identity': {'role': 'Wo...t': 80, 'bytes': 57535}}, input_type=dict]
    For further information visit https://errors.pydantic.dev/2.12/v/missing
event
  Unable to extract tag using discriminator 'type' [type=union_tag_not_found, input_value={'user': 'user', 'action'...opy': 4.373746575076502}, input_type=dict]
    For further information visit https://errors.pydantic.dev/2.12/v/union_tag_not_found
Validation Error: 4 validation errors for LogEntry
role
  Field required [type=missing, input_value={'identity': {'role': 'Wo...': 443, 'bytes': 46662}}, input_type=dict]
    For further information visit https://errors.pydantic.dev/2.12/v/missing
timestamp_ref
  Field required [type=missing, input_value={'identity': {'role': 'Wo...': 443, 'bytes': 46662}}, input_type=dict]
    For further information visit https://errors.pydantic.dev/2.12/v/missing
host
  Field required [type=missing, input_value={'identity': {'role': 'Wo...': 443, 'bytes': 46662}}, input_type=dict]
    For further information visit https://errors.pydantic.dev/2.12/v/missing
event
  Unable to extract tag using discriminator 'type' [type=union_tag_not_found, input_value={'user': 'user', 'action'...py': 3.5064569349613293}, input_type=dict]
    For further information visit https://errors.pydantic.dev/2.12/v/union_tag_not_found
Validation Error: 4 validation errors for LogEntry
role
  Field required [type=missing, input_value={'identity': {'role': 'Wo...t': 22, 'bytes': 55636}}, input_type=dict]
    For further information visit https://errors.pydantic.dev/2.12/v/missing
timestamp_ref
  Field required [type=missing, input_value={'identity': {'role': 'Wo...t': 22, 'bytes': 55636}}, input_type=dict]
    For further information visit https://errors.pydantic.dev/2.12/v/missing
host
  Field required [type=missing, input_value={'identity': {'role': 'Wo...t': 22, 'bytes': 55636}}, input_type=dict]
    For further information visit https://errors.pydantic.dev/2.12/v/missing
event
  Unable to extract tag using discriminator 'type' [type=union_tag_not_found, input_value={'user': 'user', 'action'...opy': 4.644593628914054}, input_type=dict]
    For further information visit https://errors.pydantic.dev/2.12/v/union_tag_not_found
Validation Error: 4 validation errors for LogEntry
role
  Field required [type=missing, input_value={'identity': {'role': 'Wo...': 443, 'bytes': 39585}}, input_type=dict]
    For further information visit https://errors.pydantic.dev/2.12/v/missing
timestamp_ref
  Field required [type=missing, input_value={'identity': {'role': 'Wo...': 443, 'bytes': 39585}}, input_type=dict]
    For further information visit https://errors.pydantic.dev/2.12/v/missing
host
  Field required [type=missing, input_value={'identity': {'role': 'Wo...': 443, 'bytes': 39585}}, input_type=dict]
    For further information visit https://errors.pydantic.dev/2.12/v/missing
event
  Unable to extract tag using discriminator 'type' [type=union_tag_not_found, input_value={'user': 'user', 'action'...opy': 4.010809034606415}, input_type=dict]
    For further information visit https://errors.pydantic.dev/2.12/v/union_tag_not_found
Validation Error: 4 validation errors for LogEntry
role
  Field required [type=missing, input_value={'identity': {'role': 'Wo...t': 22, 'bytes': 11846}}, input_type=dict]
    For further information visit https://errors.pydantic.dev/2.12/v/missing
timestamp_ref
  Field required [type=missing, input_value={'identity': {'role': 'Wo...t': 22, 'bytes': 11846}}, input_type=dict]
    For further information visit https://errors.pydantic.dev/2.12/v/missing
host
  Field required [type=missing, input_value={'identity': {'role': 'Wo...t': 22, 'bytes': 11846}}, input_type=dict]
    For further information visit https://errors.pydantic.dev/2.12/v/missing
event
  Unable to extract tag using discriminator 'type' [type=union_tag_not_found, input_value={'user': 'user', 'action'...opy': 3.534374420462375}, input_type=dict]
    For further information visit https://errors.pydantic.dev/2.12/v/union_tag_not_found
Validation Error: 4 validation errors for LogEntry
role
  Field required [type=missing, input_value={'identity': {'role': 'Wo...t': 53, 'bytes': 91951}}, input_type=dict]
    For further information visit https://errors.pydantic.dev/2.12/v/missing
timestamp_ref
  Field required [type=missing, input_value={'identity': {'role': 'Wo...t': 53, 'bytes': 91951}}, input_type=dict]
    For further information visit https://errors.pydantic.dev/2.12/v/missing
host
  Field required [type=missing, input_value={'identity': {'role': 'Wo...t': 53, 'bytes': 91951}}, input_type=dict]
    For further information visit https://errors.pydantic.dev/2.12/v/missing
event
  Unable to extract tag using discriminator 'type' [type=union_tag_not_found, input_value={'user': 'user', 'action'...py': 4.4328761415519295}, input_type=dict]
    For further information visit https://errors.pydantic.dev/2.12/v/union_tag_not_found
Validation Error: 4 validation errors for LogEntry
role
  Field required [type=missing, input_value={'identity': {'role': 'Wo...t': 53, 'bytes': 95923}}, input_type=dict]
    For further information visit https://errors.pydantic.dev/2.12/v/missing
timestamp_ref
  Field required [type=missing, input_value={'identity': {'role': 'Wo...t': 53, 'bytes': 95923}}, input_type=dict]
    For further information visit https://errors.pydantic.dev/2.12/v/missing
host
  Field required [type=missing, input_value={'identity': {'role': 'Wo...t': 53, 'bytes': 95923}}, input_type=dict]
    For further information visit https://errors.pydantic.dev/2.12/v/missing
event
  Unable to extract tag using discriminator 'type' [type=union_tag_not_found, input_value={'user': 'user', 'action'...opy': 4.758807999220743}, input_type=dict]
    For further information visit https://errors.pydantic.dev/2.12/v/union_tag_not_found
Validation Error: 4 validation errors for LogEntry
role
  Field required [type=missing, input_value={'identity': {'role': 'Wo...t': 80, 'bytes': 30327}}, input_type=dict]
    For further information visit https://errors.pydantic.dev/2.12/v/missing
timestamp_ref
  Field required [type=missing, input_value={'identity': {'role': 'Wo...t': 80, 'bytes': 30327}}, input_type=dict]
    For further information visit https://errors.pydantic.dev/2.12/v/missing
host
  Field required [type=missing, input_value={'identity': {'role': 'Wo...t': 80, 'bytes': 30327}}, input_type=dict]
    For further information visit https://errors.pydantic.dev/2.12/v/missing
event
  Unable to extract tag using discriminator 'type' [type=union_tag_not_found, input_value={'user': 'user', 'action'...opy': 3.527024558588918}, input_type=dict]
    For further information visit https://errors.pydantic.dev/2.12/v/union_tag_not_found
Validation Error: 4 validation errors for LogEntry
role
  Field required [type=missing, input_value={'identity': {'role': 'Wo...': 443, 'bytes': 62215}}, input_type=dict]
    For further information visit https://errors.pydantic.dev/2.12/v/missing
timestamp_ref
  Field required [type=missing, input_value={'identity': {'role': 'Wo...': 443, 'bytes': 62215}}, input_type=dict]
    For further information visit https://errors.pydantic.dev/2.12/v/missing
host
  Field required [type=missing, input_value={'identity': {'role': 'Wo...': 443, 'bytes': 62215}}, input_type=dict]
    For further information visit https://errors.pydantic.dev/2.12/v/missing
event
  Unable to extract tag using discriminator 'type' [type=union_tag_not_found, input_value={'user': 'user', 'action'...py': 3.3315261208610183}, input_type=dict]
    For further information visit https://errors.pydantic.dev/2.12/v/union_tag_not_found
Validation Error: 4 validation errors for LogEntry
role
  Field required [type=missing, input_value={'identity': {'role': 'Wo...': 443, 'bytes': 48189}}, input_type=dict]
    For further information visit https://errors.pydantic.dev/2.12/v/missing
timestamp_ref
  Field required [type=missing, input_value={'identity': {'role': 'Wo...': 443, 'bytes': 48189}}, input_type=dict]
    For further information visit https://errors.pydantic.dev/2.12/v/missing
host
  Field required [type=missing, input_value={'identity': {'role': 'Wo...': 443, 'bytes': 48189}}, input_type=dict]
    For further information visit https://errors.pydantic.dev/2.12/v/missing
event
  Unable to extract tag using discriminator 'type' [type=union_tag_not_found, input_value={'user': 'user', 'action'...py': 3.0314608416022155}, input_type=dict]
    For further information visit https://errors.pydantic.dev/2.12/v/union_tag_not_found
Validation Error: 4 validation errors for LogEntry
role
  Field required [type=missing, input_value={'identity': {'role': 'Wo...t': 22, 'bytes': 32324}}, input_type=dict]
    For further information visit https://errors.pydantic.dev/2.12/v/missing
timestamp_ref
  Field required [type=missing, input_value={'identity': {'role': 'Wo...t': 22, 'bytes': 32324}}, input_type=dict]
    For further information visit https://errors.pydantic.dev/2.12/v/missing
host
  Field required [type=missing, input_value={'identity': {'role': 'Wo...t': 22, 'bytes': 32324}}, input_type=dict]
    For further information visit https://errors.pydantic.dev/2.12/v/missing
event
  Unable to extract tag using discriminator 'type' [type=union_tag_not_found, input_value={'user': 'user', 'action'...opy': 4.483927488182632}, input_type=dict]
    For further information visit https://errors.pydantic.dev/2.12/v/union_tag_not_found
Validation Error: 4 validation errors for LogEntry
role
  Field required [type=missing, input_value={'identity': {'role': 'Wo...t': 22, 'bytes': 92726}}, input_type=dict]
    For further information visit https://errors.pydantic.dev/2.12/v/missing
timestamp_ref
  Field required [type=missing, input_value={'identity': {'role': 'Wo...t': 22, 'bytes': 92726}}, input_type=dict]
    For further information visit https://errors.pydantic.dev/2.12/v/missing
host
  Field required [type=missing, input_value={'identity': {'role': 'Wo...t': 22, 'bytes': 92726}}, input_type=dict]
    For further information visit https://errors.pydantic.dev/2.12/v/missing
event
  Unable to extract tag using discriminator 'type' [type=union_tag_not_found, input_value={'user': 'user', 'action'...py': 3.3368259637564273}, input_type=dict]
    For further information visit https://errors.pydantic.dev/2.12/v/union_tag_not_found
Validation Error: 4 validation errors for LogEntry
role
  Field required [type=missing, input_value={'identity': {'role': 'Wo...t': 22, 'bytes': 43957}}, input_type=dict]
    For further information visit https://errors.pydantic.dev/2.12/v/missing
timestamp_ref
  Field required [type=missing, input_value={'identity': {'role': 'Wo...t': 22, 'bytes': 43957}}, input_type=dict]
    For further information visit https://errors.pydantic.dev/2.12/v/missing
host
  Field required [type=missing, input_value={'identity': {'role': 'Wo...t': 22, 'bytes': 43957}}, input_type=dict]
    For further information visit https://errors.pydantic.dev/2.12/v/missing
event
  Unable to extract tag using discriminator 'type' [type=union_tag_not_found, input_value={'user': 'user', 'action'...opy': 4.730772952608936}, input_type=dict]
    For further information visit https://errors.pydantic.dev/2.12/v/union_tag_not_found
Validation Error: 4 validation errors for LogEntry
role
  Field required [type=missing, input_value={'identity': {'role': 'Wo...t': 53, 'bytes': 62477}}, input_type=dict]
    For further information visit https://errors.pydantic.dev/2.12/v/missing
timestamp_ref
  Field required [type=missing, input_value={'identity': {'role': 'Wo...t': 53, 'bytes': 62477}}, input_type=dict]
    For further information visit https://errors.pydantic.dev/2.12/v/missing
host
  Field required [type=missing, input_value={'identity': {'role': 'Wo...t': 53, 'bytes': 62477}}, input_type=dict]
    For further information visit https://errors.pydantic.dev/2.12/v/missing
event
  Unable to extract tag using discriminator 'type' [type=union_tag_not_found, input_value={'user': 'user', 'action'...py': 3.5336172630813936}, input_type=dict]
    For further information visit https://errors.pydantic.dev/2.12/v/union_tag_not_found
Validation Error: 4 validation errors for LogEntry
role
  Field required [type=missing, input_value={'identity': {'role': 'Wo...t': 22, 'bytes': 16534}}, input_type=dict]
    For further information visit https://errors.pydantic.dev/2.12/v/missing
timestamp_ref
  Field required [type=missing, input_value={'identity': {'role': 'Wo...t': 22, 'bytes': 16534}}, input_type=dict]
    For further information visit https://errors.pydantic.dev/2.12/v/missing
host
  Field required [type=missing, input_value={'identity': {'role': 'Wo...t': 22, 'bytes': 16534}}, input_type=dict]
    For further information visit https://errors.pydantic.dev/2.12/v/missing
event
  Unable to extract tag using discriminator 'type' [type=union_tag_not_found, input_value={'user': 'user', 'action'...py': 3.1145202591210523}, input_type=dict]
    For further information visit https://errors.pydantic.dev/2.12/v/union_tag_not_found
Validation Error: 4 validation errors for LogEntry
role
  Field required [type=missing, input_value={'identity': {'role': 'Wo...': 443, 'bytes': 56027}}, input_type=dict]
    For further information visit https://errors.pydantic.dev/2.12/v/missing
timestamp_ref
  Field required [type=missing, input_value={'identity': {'role': 'Wo...': 443, 'bytes': 56027}}, input_type=dict]
    For further information visit https://errors.pydantic.dev/2.12/v/missing
host
  Field required [type=missing, input_value={'identity': {'role': 'Wo...': 443, 'bytes': 56027}}, input_type=dict]
    For further information visit https://errors.pydantic.dev/2.12/v/missing
event
  Unable to extract tag using discriminator 'type' [type=union_tag_not_found, input_value={'user': 'user', 'action'...py': 3.5776867055362542}, input_type=dict]
    For further information visit https://errors.pydantic.dev/2.12/v/union_tag_not_found
Validation Error: 4 validation errors for LogEntry
role
  Field required [type=missing, input_value={'identity': {'role': 'Wo...rt': 80, 'bytes': 1899}}, input_type=dict]
    For further information visit https://errors.pydantic.dev/2.12/v/missing
timestamp_ref
  Field required [type=missing, input_value={'identity': {'role': 'Wo...rt': 80, 'bytes': 1899}}, input_type=dict]
    For further information visit https://errors.pydantic.dev/2.12/v/missing
host
  Field required [type=missing, input_value={'identity': {'role': 'Wo...rt': 80, 'bytes': 1899}}, input_type=dict]
    For further information visit https://errors.pydantic.dev/2.12/v/missing
event
  Unable to extract tag using discriminator 'type' [type=union_tag_not_found, input_value={'user': 'user', 'action'...ropy': 3.45227574635489}, input_type=dict]
    For further information visit https://errors.pydantic.dev/2.12/v/union_tag_not_found
Validation Error: 4 validation errors for LogEntry
role
  Field required [type=missing, input_value={'identity': {'role': 'Wo...t': 53, 'bytes': 54181}}, input_type=dict]
    For further information visit https://errors.pydantic.dev/2.12/v/missing
timestamp_ref
  Field required [type=missing, input_value={'identity': {'role': 'Wo...t': 53, 'bytes': 54181}}, input_type=dict]
    For further information visit https://errors.pydantic.dev/2.12/v/missing
host
  Field required [type=missing, input_value={'identity': {'role': 'Wo...t': 53, 'bytes': 54181}}, input_type=dict]
    For further information visit https://errors.pydantic.dev/2.12/v/missing
event
  Unable to extract tag using discriminator 'type' [type=union_tag_not_found, input_value={'user': 'user', 'action'...py': 3.2124131864295933}, input_type=dict]
    For further information visit https://errors.pydantic.dev/2.12/v/union_tag_not_found
Validation Error: 4 validation errors for LogEntry
role
  Field required [type=missing, input_value={'identity': {'role': 'Wo...t': 22, 'bytes': 30690}}, input_type=dict]
    For further information visit https://errors.pydantic.dev/2.12/v/missing
timestamp_ref
  Field required [type=missing, input_value={'identity': {'role': 'Wo...t': 22, 'bytes': 30690}}, input_type=dict]
    For further information visit https://errors.pydantic.dev/2.12/v/missing
host
  Field required [type=missing, input_value={'identity': {'role': 'Wo...t': 22, 'bytes': 30690}}, input_type=dict]
    For further information visit https://errors.pydantic.dev/2.12/v/missing
event
  Unable to extract tag using discriminator 'type' [type=union_tag_not_found, input_value={'user': 'user', 'action'...ropy': 4.42231264821852}, input_type=dict]
    For further information visit https://errors.pydantic.dev/2.12/v/union_tag_not_found
Validation Error: 4 validation errors for LogEntry
role
  Field required [type=missing, input_value={'identity': {'role': 'Wo...': 443, 'bytes': 66159}}, input_type=dict]
    For further information visit https://errors.pydantic.dev/2.12/v/missing
timestamp_ref
  Field required [type=missing, input_value={'identity': {'role': 'Wo...': 443, 'bytes': 66159}}, input_type=dict]
    For further information visit https://errors.pydantic.dev/2.12/v/missing
host
  Field required [type=missing, input_value={'identity': {'role': 'Wo...': 443, 'bytes': 66159}}, input_type=dict]
    For further information visit https://errors.pydantic.dev/2.12/v/missing
event
  Unable to extract tag using discriminator 'type' [type=union_tag_not_found, input_value={'user': 'user', 'action'...opy': 4.251147062168544}, input_type=dict]
    For further information visit https://errors.pydantic.dev/2.12/v/union_tag_not_found
Validation Error: 4 validation errors for LogEntry
role
  Field required [type=missing, input_value={'identity': {'role': 'Wo...t': 53, 'bytes': 78037}}, input_type=dict]
    For further information visit https://errors.pydantic.dev/2.12/v/missing
timestamp_ref
  Field required [type=missing, input_value={'identity': {'role': 'Wo...t': 53, 'bytes': 78037}}, input_type=dict]
    For further information visit https://errors.pydantic.dev/2.12/v/missing
host
  Field required [type=missing, input_value={'identity': {'role': 'Wo...t': 53, 'bytes': 78037}}, input_type=dict]
    For further information visit https://errors.pydantic.dev/2.12/v/missing
event
  Unable to extract tag using discriminator 'type' [type=union_tag_not_found, input_value={'user': 'user', 'action'...py': 3.8733461233526456}, input_type=dict]
    For further information visit https://errors.pydantic.dev/2.12/v/union_tag_not_found
Validation Error: 4 validation errors for LogEntry
role
  Field required [type=missing, input_value={'identity': {'role': 'Wo...': 443, 'bytes': 35797}}, input_type=dict]
    For further information visit https://errors.pydantic.dev/2.12/v/missing
timestamp_ref
  Field required [type=missing, input_value={'identity': {'role': 'Wo...': 443, 'bytes': 35797}}, input_type=dict]
    For further information visit https://errors.pydantic.dev/2.12/v/missing
host
  Field required [type=missing, input_value={'identity': {'role': 'Wo...': 443, 'bytes': 35797}}, input_type=dict]
    For further information visit https://errors.pydantic.dev/2.12/v/missing
event
  Unable to extract tag using discriminator 'type' [type=union_tag_not_found, input_value={'user': 'user', 'action'...opy': 3.576428539997428}, input_type=dict]
    For further information visit https://errors.pydantic.dev/2.12/v/union_tag_not_found
Validation Error: 4 validation errors for LogEntry
role
  Field required [type=missing, input_value={'identity': {'role': 'Wo...rt': 22, 'bytes': 7211}}, input_type=dict]
    For further information visit https://errors.pydantic.dev/2.12/v/missing
timestamp_ref
  Field required [type=missing, input_value={'identity': {'role': 'Wo...rt': 22, 'bytes': 7211}}, input_type=dict]
    For further information visit https://errors.pydantic.dev/2.12/v/missing
host
  Field required [type=missing, input_value={'identity': {'role': 'Wo...rt': 22, 'bytes': 7211}}, input_type=dict]
    For further information visit https://errors.pydantic.dev/2.12/v/missing
event
  Unable to extract tag using discriminator 'type' [type=union_tag_not_found, input_value={'user': 'user', 'action'...ropy': 4.44632103841375}, input_type=dict]
    For further information visit https://errors.pydantic.dev/2.12/v/union_tag_not_found
Validation Error: 4 validation errors for LogEntry
role
  Field required [type=missing, input_value={'identity': {'role': 'Wo...rt': 22, 'bytes': 8067}}, input_type=dict]
    For further information visit https://errors.pydantic.dev/2.12/v/missing
timestamp_ref
  Field required [type=missing, input_value={'identity': {'role': 'Wo...rt': 22, 'bytes': 8067}}, input_type=dict]
    For further information visit https://errors.pydantic.dev/2.12/v/missing
host
  Field required [type=missing, input_value={'identity': {'role': 'Wo...rt': 22, 'bytes': 8067}}, input_type=dict]
    For further information visit https://errors.pydantic.dev/2.12/v/missing
event
  Unable to extract tag using discriminator 'type' [type=union_tag_not_found, input_value={'user': 'user', 'action'...py': 3.8900959277274927}, input_type=dict]
    For further information visit https://errors.pydantic.dev/2.12/v/union_tag_not_found
Validation Error: 4 validation errors for LogEntry
role
  Field required [type=missing, input_value={'identity': {'role': 'Wo...t': 22, 'bytes': 11971}}, input_type=dict]
    For further information visit https://errors.pydantic.dev/2.12/v/missing
timestamp_ref
  Field required [type=missing, input_value={'identity': {'role': 'Wo...t': 22, 'bytes': 11971}}, input_type=dict]
    For further information visit https://errors.pydantic.dev/2.12/v/missing
host
  Field required [type=missing, input_value={'identity': {'role': 'Wo...t': 22, 'bytes': 11971}}, input_type=dict]
    For further information visit https://errors.pydantic.dev/2.12/v/missing
event
  Unable to extract tag using discriminator 'type' [type=union_tag_not_found, input_value={'user': 'user', 'action'...py': 3.5793790628672553}, input_type=dict]
    For further information visit https://errors.pydantic.dev/2.12/v/union_tag_not_found
Validation Error: 4 validation errors for LogEntry
role
  Field required [type=missing, input_value={'identity': {'role': 'Wo...rt': 53, 'bytes': 5187}}, input_type=dict]
    For further information visit https://errors.pydantic.dev/2.12/v/missing
timestamp_ref
  Field required [type=missing, input_value={'identity': {'role': 'Wo...rt': 53, 'bytes': 5187}}, input_type=dict]
    For further information visit https://errors.pydantic.dev/2.12/v/missing
host
  Field required [type=missing, input_value={'identity': {'role': 'Wo...rt': 53, 'bytes': 5187}}, input_type=dict]
    For further information visit https://errors.pydantic.dev/2.12/v/missing
event
  Unable to extract tag using discriminator 'type' [type=union_tag_not_found, input_value={'user': 'user', 'action'...opy': 4.148210568982484}, input_type=dict]
    For further information visit https://errors.pydantic.dev/2.12/v/union_tag_not_found
Validation Error: 4 validation errors for LogEntry
role
  Field required [type=missing, input_value={'identity': {'role': 'Wo...t': 53, 'bytes': 85542}}, input_type=dict]
    For further information visit https://errors.pydantic.dev/2.12/v/missing
timestamp_ref
  Field required [type=missing, input_value={'identity': {'role': 'Wo...t': 53, 'bytes': 85542}}, input_type=dict]
    For further information visit https://errors.pydantic.dev/2.12/v/missing
host
  Field required [type=missing, input_value={'identity': {'role': 'Wo...t': 53, 'bytes': 85542}}, input_type=dict]
    For further information visit https://errors.pydantic.dev/2.12/v/missing
event
  Unable to extract tag using discriminator 'type' [type=union_tag_not_found, input_value={'user': 'user', 'action'...opy': 4.522966483364718}, input_type=dict]
    For further information visit https://errors.pydantic.dev/2.12/v/union_tag_not_found
Validation Error: 4 validation errors for LogEntry
role
  Field required [type=missing, input_value={'identity': {'role': 'Wo...': 443, 'bytes': 98983}}, input_type=dict]
    For further information visit https://errors.pydantic.dev/2.12/v/missing
timestamp_ref
  Field required [type=missing, input_value={'identity': {'role': 'Wo...': 443, 'bytes': 98983}}, input_type=dict]
    For further information visit https://errors.pydantic.dev/2.12/v/missing
host
  Field required [type=missing, input_value={'identity': {'role': 'Wo...': 443, 'bytes': 98983}}, input_type=dict]
    For further information visit https://errors.pydantic.dev/2.12/v/missing
event
  Unable to extract tag using discriminator 'type' [type=union_tag_not_found, input_value={'user': 'user', 'action'...py': 3.3184835091567617}, input_type=dict]
    For further information visit https://errors.pydantic.dev/2.12/v/union_tag_not_found
Validation Error: 4 validation errors for LogEntry
role
  Field required [type=missing, input_value={'identity': {'role': 'Wo...': 443, 'bytes': 44743}}, input_type=dict]
    For further information visit https://errors.pydantic.dev/2.12/v/missing
timestamp_ref
  Field required [type=missing, input_value={'identity': {'role': 'Wo...': 443, 'bytes': 44743}}, input_type=dict]
    For further information visit https://errors.pydantic.dev/2.12/v/missing
host
  Field required [type=missing, input_value={'identity': {'role': 'Wo...': 443, 'bytes': 44743}}, input_type=dict]
    For further information visit https://errors.pydantic.dev/2.12/v/missing
event
  Unable to extract tag using discriminator 'type' [type=union_tag_not_found, input_value={'user': 'user', 'action'...py': 3.8513592755103674}, input_type=dict]
    For further information visit https://errors.pydantic.dev/2.12/v/union_tag_not_found
Validation Error: 4 validation errors for LogEntry
role
  Field required [type=missing, input_value={'identity': {'role': 'Wo...': 443, 'bytes': 85632}}, input_type=dict]
    For further information visit https://errors.pydantic.dev/2.12/v/missing
timestamp_ref
  Field required [type=missing, input_value={'identity': {'role': 'Wo...': 443, 'bytes': 85632}}, input_type=dict]
    For further information visit https://errors.pydantic.dev/2.12/v/missing
host
  Field required [type=missing, input_value={'identity': {'role': 'Wo...': 443, 'bytes': 85632}}, input_type=dict]
    For further information visit https://errors.pydantic.dev/2.12/v/missing
event
  Unable to extract tag using discriminator 'type' [type=union_tag_not_found, input_value={'user': 'user', 'action'...py': 4.0273291788807075}, input_type=dict]
    For further information visit https://errors.pydantic.dev/2.12/v/union_tag_not_found
Validation Error: 4 validation errors for LogEntry
role
  Field required [type=missing, input_value={'identity': {'role': 'Wo...': 443, 'bytes': 89302}}, input_type=dict]
    For further information visit https://errors.pydantic.dev/2.12/v/missing
timestamp_ref
  Field required [type=missing, input_value={'identity': {'role': 'Wo...': 443, 'bytes': 89302}}, input_type=dict]
    For further information visit https://errors.pydantic.dev/2.12/v/missing
host
  Field required [type=missing, input_value={'identity': {'role': 'Wo...': 443, 'bytes': 89302}}, input_type=dict]
    For further information visit https://errors.pydantic.dev/2.12/v/missing
event
  Unable to extract tag using discriminator 'type' [type=union_tag_not_found, input_value={'user': 'user', 'action'...py': 3.1326373586454768}, input_type=dict]
    For further information visit https://errors.pydantic.dev/2.12/v/union_tag_not_found
Validation Error: 4 validation errors for LogEntry
role
  Field required [type=missing, input_value={'identity': {'role': 'Wo...': 443, 'bytes': 86237}}, input_type=dict]
    For further information visit https://errors.pydantic.dev/2.12/v/missing
timestamp_ref
  Field required [type=missing, input_value={'identity': {'role': 'Wo...': 443, 'bytes': 86237}}, input_type=dict]
    For further information visit https://errors.pydantic.dev/2.12/v/missing
host
  Field required [type=missing, input_value={'identity': {'role': 'Wo...': 443, 'bytes': 86237}}, input_type=dict]
    For further information visit https://errors.pydantic.dev/2.12/v/missing
event
  Unable to extract tag using discriminator 'type' [type=union_tag_not_found, input_value={'user': 'user', 'action'...opy': 4.565366887326052}, input_type=dict]
    For further information visit https://errors.pydantic.dev/2.12/v/union_tag_not_found
Validation Error: 4 validation errors for LogEntry
role
  Field required [type=missing, input_value={'identity': {'role': 'Wo...': 443, 'bytes': 70702}}, input_type=dict]
    For further information visit https://errors.pydantic.dev/2.12/v/missing
timestamp_ref
  Field required [type=missing, input_value={'identity': {'role': 'Wo...': 443, 'bytes': 70702}}, input_type=dict]
    For further information visit https://errors.pydantic.dev/2.12/v/missing
host
  Field required [type=missing, input_value={'identity': {'role': 'Wo...': 443, 'bytes': 70702}}, input_type=dict]
    For further information visit https://errors.pydantic.dev/2.12/v/missing
event
  Unable to extract tag using discriminator 'type' [type=union_tag_not_found, input_value={'user': 'user', 'action'...py': 3.0255189283375423}, input_type=dict]
    For further information visit https://errors.pydantic.dev/2.12/v/union_tag_not_found
Validation Error: 4 validation errors for LogEntry
role
  Field required [type=missing, input_value={'identity': {'role': 'Wo...t': 22, 'bytes': 89307}}, input_type=dict]
    For further information visit https://errors.pydantic.dev/2.12/v/missing
timestamp_ref
  Field required [type=missing, input_value={'identity': {'role': 'Wo...t': 22, 'bytes': 89307}}, input_type=dict]
    For further information visit https://errors.pydantic.dev/2.12/v/missing
host
  Field required [type=missing, input_value={'identity': {'role': 'Wo...t': 22, 'bytes': 89307}}, input_type=dict]
    For further information visit https://errors.pydantic.dev/2.12/v/missing
event
  Unable to extract tag using discriminator 'type' [type=union_tag_not_found, input_value={'user': 'user', 'action'...opy': 4.153234120965319}, input_type=dict]
    For further information visit https://errors.pydantic.dev/2.12/v/union_tag_not_found
Validation Error: 4 validation errors for LogEntry
role
  Field required [type=missing, input_value={'identity': {'role': 'Wo...t': 80, 'bytes': 46135}}, input_type=dict]
    For further information visit https://errors.pydantic.dev/2.12/v/missing
timestamp_ref
  Field required [type=missing, input_value={'identity': {'role': 'Wo...t': 80, 'bytes': 46135}}, input_type=dict]
    For further information visit https://errors.pydantic.dev/2.12/v/missing
host
  Field required [type=missing, input_value={'identity': {'role': 'Wo...t': 80, 'bytes': 46135}}, input_type=dict]
    For further information visit https://errors.pydantic.dev/2.12/v/missing
event
  Unable to extract tag using discriminator 'type' [type=union_tag_not_found, input_value={'user': 'user', 'action'...opy': 4.373266224771678}, input_type=dict]
    For further information visit https://errors.pydantic.dev/2.12/v/union_tag_not_found
Validation Error: 4 validation errors for LogEntry
role
  Field required [type=missing, input_value={'identity': {'role': 'Wo...t': 80, 'bytes': 73051}}, input_type=dict]
    For further information visit https://errors.pydantic.dev/2.12/v/missing
timestamp_ref
  Field required [type=missing, input_value={'identity': {'role': 'Wo...t': 80, 'bytes': 73051}}, input_type=dict]
    For further information visit https://errors.pydantic.dev/2.12/v/missing
host
  Field required [type=missing, input_value={'identity': {'role': 'Wo...t': 80, 'bytes': 73051}}, input_type=dict]
    For further information visit https://errors.pydantic.dev/2.12/v/missing
event
  Unable to extract tag using discriminator 'type' [type=union_tag_not_found, input_value={'user': 'user', 'action'...py': 4.9305383820332676}, input_type=dict]
    For further information visit https://errors.pydantic.dev/2.12/v/union_tag_not_found
Validation Error: 4 validation errors for LogEntry
role
  Field required [type=missing, input_value={'identity': {'role': 'Wo...t': 80, 'bytes': 21832}}, input_type=dict]
    For further information visit https://errors.pydantic.dev/2.12/v/missing
timestamp_ref
  Field required [type=missing, input_value={'identity': {'role': 'Wo...t': 80, 'bytes': 21832}}, input_type=dict]
    For further information visit https://errors.pydantic.dev/2.12/v/missing
host
  Field required [type=missing, input_value={'identity': {'role': 'Wo...t': 80, 'bytes': 21832}}, input_type=dict]
    For further information visit https://errors.pydantic.dev/2.12/v/missing
event
  Unable to extract tag using discriminator 'type' [type=union_tag_not_found, input_value={'user': 'user', 'action'...opy': 3.587524836242937}, input_type=dict]
    For further information visit https://errors.pydantic.dev/2.12/v/union_tag_not_found
Validation Error: 4 validation errors for LogEntry
role
  Field required [type=missing, input_value={'identity': {'role': 'Wo...t': 80, 'bytes': 39543}}, input_type=dict]
    For further information visit https://errors.pydantic.dev/2.12/v/missing
timestamp_ref
  Field required [type=missing, input_value={'identity': {'role': 'Wo...t': 80, 'bytes': 39543}}, input_type=dict]
    For further information visit https://errors.pydantic.dev/2.12/v/missing
host
  Field required [type=missing, input_value={'identity': {'role': 'Wo...t': 80, 'bytes': 39543}}, input_type=dict]
    For further information visit https://errors.pydantic.dev/2.12/v/missing
event
  Unable to extract tag using discriminator 'type' [type=union_tag_not_found, input_value={'user': 'user', 'action'...opy': 4.919576578100859}, input_type=dict]
    For further information visit https://errors.pydantic.dev/2.12/v/union_tag_not_found
Validation Error: 4 validation errors for LogEntry
role
  Field required [type=missing, input_value={'identity': {'role': 'Wo...t': 53, 'bytes': 38138}}, input_type=dict]
    For further information visit https://errors.pydantic.dev/2.12/v/missing
timestamp_ref
  Field required [type=missing, input_value={'identity': {'role': 'Wo...t': 53, 'bytes': 38138}}, input_type=dict]
    For further information visit https://errors.pydantic.dev/2.12/v/missing
host
  Field required [type=missing, input_value={'identity': {'role': 'Wo...t': 53, 'bytes': 38138}}, input_type=dict]
    For further information visit https://errors.pydantic.dev/2.12/v/missing
event
  Unable to extract tag using discriminator 'type' [type=union_tag_not_found, input_value={'user': 'user', 'action'...opy': 4.525786458472402}, input_type=dict]
    For further information visit https://errors.pydantic.dev/2.12/v/union_tag_not_found
Validation Error: 4 validation errors for LogEntry
role
  Field required [type=missing, input_value={'identity': {'role': 'Wo...t': 22, 'bytes': 29649}}, input_type=dict]
    For further information visit https://errors.pydantic.dev/2.12/v/missing
timestamp_ref
  Field required [type=missing, input_value={'identity': {'role': 'Wo...t': 22, 'bytes': 29649}}, input_type=dict]
    For further information visit https://errors.pydantic.dev/2.12/v/missing
host
  Field required [type=missing, input_value={'identity': {'role': 'Wo...t': 22, 'bytes': 29649}}, input_type=dict]
    For further information visit https://errors.pydantic.dev/2.12/v/missing
event
  Unable to extract tag using discriminator 'type' [type=union_tag_not_found, input_value={'user': 'user', 'action'...opy': 3.664491934609973}, input_type=dict]
    For further information visit https://errors.pydantic.dev/2.12/v/union_tag_not_found
Validation Error: 4 validation errors for LogEntry
role
  Field required [type=missing, input_value={'identity': {'role': 'Wo...t': 80, 'bytes': 55965}}, input_type=dict]
    For further information visit https://errors.pydantic.dev/2.12/v/missing
timestamp_ref
  Field required [type=missing, input_value={'identity': {'role': 'Wo...t': 80, 'bytes': 55965}}, input_type=dict]
    For further information visit https://errors.pydantic.dev/2.12/v/missing
host
  Field required [type=missing, input_value={'identity': {'role': 'Wo...t': 80, 'bytes': 55965}}, input_type=dict]
    For further information visit https://errors.pydantic.dev/2.12/v/missing
event
  Unable to extract tag using discriminator 'type' [type=union_tag_not_found, input_value={'user': 'user', 'action'...py': 3.5337490069855546}, input_type=dict]
    For further information visit https://errors.pydantic.dev/2.12/v/union_tag_not_found
Validation Error: 4 validation errors for LogEntry
role
  Field required [type=missing, input_value={'identity': {'role': 'Wo...rt': 53, 'bytes': 6459}}, input_type=dict]
    For further information visit https://errors.pydantic.dev/2.12/v/missing
timestamp_ref
  Field required [type=missing, input_value={'identity': {'role': 'Wo...rt': 53, 'bytes': 6459}}, input_type=dict]
    For further information visit https://errors.pydantic.dev/2.12/v/missing
host
  Field required [type=missing, input_value={'identity': {'role': 'Wo...rt': 53, 'bytes': 6459}}, input_type=dict]
    For further information visit https://errors.pydantic.dev/2.12/v/missing
event
  Unable to extract tag using discriminator 'type' [type=union_tag_not_found, input_value={'user': 'user', 'action'...opy': 4.301835113123833}, input_type=dict]
    For further information visit https://errors.pydantic.dev/2.12/v/union_tag_not_found
Validation Error: 4 validation errors for LogEntry
role
  Field required [type=missing, input_value={'identity': {'role': 'Wo...t': 22, 'bytes': 21431}}, input_type=dict]
    For further information visit https://errors.pydantic.dev/2.12/v/missing
timestamp_ref
  Field required [type=missing, input_value={'identity': {'role': 'Wo...t': 22, 'bytes': 21431}}, input_type=dict]
    For further information visit https://errors.pydantic.dev/2.12/v/missing
host
  Field required [type=missing, input_value={'identity': {'role': 'Wo...t': 22, 'bytes': 21431}}, input_type=dict]
    For further information visit https://errors.pydantic.dev/2.12/v/missing
event
  Unable to extract tag using discriminator 'type' [type=union_tag_not_found, input_value={'user': 'user', 'action'...opy': 3.232834126601343}, input_type=dict]
    For further information visit https://errors.pydantic.dev/2.12/v/union_tag_not_found
Validation Error: 4 validation errors for LogEntry
role
  Field required [type=missing, input_value={'identity': {'role': 'Wo...rt': 53, 'bytes': 9966}}, input_type=dict]
    For further information visit https://errors.pydantic.dev/2.12/v/missing
timestamp_ref
  Field required [type=missing, input_value={'identity': {'role': 'Wo...rt': 53, 'bytes': 9966}}, input_type=dict]
    For further information visit https://errors.pydantic.dev/2.12/v/missing
host
  Field required [type=missing, input_value={'identity': {'role': 'Wo...rt': 53, 'bytes': 9966}}, input_type=dict]
    For further information visit https://errors.pydantic.dev/2.12/v/missing
event
  Unable to extract tag using discriminator 'type' [type=union_tag_not_found, input_value={'user': 'user', 'action'...opy': 4.993785089441537}, input_type=dict]
    For further information visit https://errors.pydantic.dev/2.12/v/union_tag_not_found
Validation Error: 4 validation errors for LogEntry
role
  Field required [type=missing, input_value={'identity': {'role': 'Wo...t': 22, 'bytes': 94861}}, input_type=dict]
    For further information visit https://errors.pydantic.dev/2.12/v/missing
timestamp_ref
  Field required [type=missing, input_value={'identity': {'role': 'Wo...t': 22, 'bytes': 94861}}, input_type=dict]
    For further information visit https://errors.pydantic.dev/2.12/v/missing
host
  Field required [type=missing, input_value={'identity': {'role': 'Wo...t': 22, 'bytes': 94861}}, input_type=dict]
    For further information visit https://errors.pydantic.dev/2.12/v/missing
event
  Unable to extract tag using discriminator 'type' [type=union_tag_not_found, input_value={'user': 'user', 'action'...opy': 4.205986008136246}, input_type=dict]
    For further information visit https://errors.pydantic.dev/2.12/v/union_tag_not_found
Validation Error: 4 validation errors for LogEntry
role
  Field required [type=missing, input_value={'identity': {'role': 'Wo...': 443, 'bytes': 87219}}, input_type=dict]
    For further information visit https://errors.pydantic.dev/2.12/v/missing
timestamp_ref
  Field required [type=missing, input_value={'identity': {'role': 'Wo...': 443, 'bytes': 87219}}, input_type=dict]
    For further information visit https://errors.pydantic.dev/2.12/v/missing
host
  Field required [type=missing, input_value={'identity': {'role': 'Wo...': 443, 'bytes': 87219}}, input_type=dict]
    For further information visit https://errors.pydantic.dev/2.12/v/missing
event
  Unable to extract tag using discriminator 'type' [type=union_tag_not_found, input_value={'user': 'user', 'action'...opy': 4.521089161074716}, input_type=dict]
    For further information visit https://errors.pydantic.dev/2.12/v/union_tag_not_found
Validation Error: 4 validation errors for LogEntry
role
  Field required [type=missing, input_value={'identity': {'role': 'Wo...t': 53, 'bytes': 68475}}, input_type=dict]
    For further information visit https://errors.pydantic.dev/2.12/v/missing
timestamp_ref
  Field required [type=missing, input_value={'identity': {'role': 'Wo...t': 53, 'bytes': 68475}}, input_type=dict]
    For further information visit https://errors.pydantic.dev/2.12/v/missing
host
  Field required [type=missing, input_value={'identity': {'role': 'Wo...t': 53, 'bytes': 68475}}, input_type=dict]
    For further information visit https://errors.pydantic.dev/2.12/v/missing
event
  Unable to extract tag using discriminator 'type' [type=union_tag_not_found, input_value={'user': 'user', 'action'...py': 3.0065436933082754}, input_type=dict]
    For further information visit https://errors.pydantic.dev/2.12/v/union_tag_not_found
Validation Error: 4 validation errors for LogEntry
role
  Field required [type=missing, input_value={'identity': {'role': 'Wo...t': 53, 'bytes': 31635}}, input_type=dict]
    For further information visit https://errors.pydantic.dev/2.12/v/missing
timestamp_ref
  Field required [type=missing, input_value={'identity': {'role': 'Wo...t': 53, 'bytes': 31635}}, input_type=dict]
    For further information visit https://errors.pydantic.dev/2.12/v/missing
host
  Field required [type=missing, input_value={'identity': {'role': 'Wo...t': 53, 'bytes': 31635}}, input_type=dict]
    For further information visit https://errors.pydantic.dev/2.12/v/missing
event
  Unable to extract tag using discriminator 'type' [type=union_tag_not_found, input_value={'user': 'user', 'action'...ropy': 3.31341977921496}, input_type=dict]
    For further information visit https://errors.pydantic.dev/2.12/v/union_tag_not_found
Validation Error: 4 validation errors for LogEntry
role
  Field required [type=missing, input_value={'identity': {'role': 'Wo...t': 22, 'bytes': 34141}}, input_type=dict]
    For further information visit https://errors.pydantic.dev/2.12/v/missing
timestamp_ref
  Field required [type=missing, input_value={'identity': {'role': 'Wo...t': 22, 'bytes': 34141}}, input_type=dict]
    For further information visit https://errors.pydantic.dev/2.12/v/missing
host
  Field required [type=missing, input_value={'identity': {'role': 'Wo...t': 22, 'bytes': 34141}}, input_type=dict]
    For further information visit https://errors.pydantic.dev/2.12/v/missing
event
  Unable to extract tag using discriminator 'type' [type=union_tag_not_found, input_value={'user': 'user', 'action'...opy': 3.775466595354665}, input_type=dict]
    For further information visit https://errors.pydantic.dev/2.12/v/union_tag_not_found
Validation Error: 4 validation errors for LogEntry
role
  Field required [type=missing, input_value={'identity': {'role': 'Wo...t': 22, 'bytes': 57798}}, input_type=dict]
    For further information visit https://errors.pydantic.dev/2.12/v/missing
timestamp_ref
  Field required [type=missing, input_value={'identity': {'role': 'Wo...t': 22, 'bytes': 57798}}, input_type=dict]
    For further information visit https://errors.pydantic.dev/2.12/v/missing
host
  Field required [type=missing, input_value={'identity': {'role': 'Wo...t': 22, 'bytes': 57798}}, input_type=dict]
    For further information visit https://errors.pydantic.dev/2.12/v/missing
event
  Unable to extract tag using discriminator 'type' [type=union_tag_not_found, input_value={'user': 'user', 'action'...opy': 4.771451274773028}, input_type=dict]
    For further information visit https://errors.pydantic.dev/2.12/v/union_tag_not_found
Validation Error: 4 validation errors for LogEntry
role
  Field required [type=missing, input_value={'identity': {'role': 'Wo...t': 22, 'bytes': 25230}}, input_type=dict]
    For further information visit https://errors.pydantic.dev/2.12/v/missing
timestamp_ref
  Field required [type=missing, input_value={'identity': {'role': 'Wo...t': 22, 'bytes': 25230}}, input_type=dict]
    For further information visit https://errors.pydantic.dev/2.12/v/missing
host
  Field required [type=missing, input_value={'identity': {'role': 'Wo...t': 22, 'bytes': 25230}}, input_type=dict]
    For further information visit https://errors.pydantic.dev/2.12/v/missing
event
  Unable to extract tag using discriminator 'type' [type=union_tag_not_found, input_value={'user': 'user', 'action'...opy': 4.260203613192997}, input_type=dict]
    For further information visit https://errors.pydantic.dev/2.12/v/union_tag_not_found
Validation Error: 4 validation errors for LogEntry
role
  Field required [type=missing, input_value={'identity': {'role': 'Wo...t': 80, 'bytes': 46075}}, input_type=dict]
    For further information visit https://errors.pydantic.dev/2.12/v/missing
timestamp_ref
  Field required [type=missing, input_value={'identity': {'role': 'Wo...t': 80, 'bytes': 46075}}, input_type=dict]
    For further information visit https://errors.pydantic.dev/2.12/v/missing
host
  Field required [type=missing, input_value={'identity': {'role': 'Wo...t': 80, 'bytes': 46075}}, input_type=dict]
    For further information visit https://errors.pydantic.dev/2.12/v/missing
event
  Unable to extract tag using discriminator 'type' [type=union_tag_not_found, input_value={'user': 'user', 'action'...opy': 3.097911267667473}, input_type=dict]
    For further information visit https://errors.pydantic.dev/2.12/v/union_tag_not_found
Validation Error: 4 validation errors for LogEntry
role
  Field required [type=missing, input_value={'identity': {'role': 'Wo...t': 22, 'bytes': 97513}}, input_type=dict]
    For further information visit https://errors.pydantic.dev/2.12/v/missing
timestamp_ref
  Field required [type=missing, input_value={'identity': {'role': 'Wo...t': 22, 'bytes': 97513}}, input_type=dict]
    For further information visit https://errors.pydantic.dev/2.12/v/missing
host
  Field required [type=missing, input_value={'identity': {'role': 'Wo...t': 22, 'bytes': 97513}}, input_type=dict]
    For further information visit https://errors.pydantic.dev/2.12/v/missing
event
  Unable to extract tag using discriminator 'type' [type=union_tag_not_found, input_value={'user': 'user', 'action'...opy': 4.316965969736868}, input_type=dict]
    For further information visit https://errors.pydantic.dev/2.12/v/union_tag_not_found
Validation Error: 4 validation errors for LogEntry
role
  Field required [type=missing, input_value={'identity': {'role': 'Wo...t': 53, 'bytes': 91298}}, input_type=dict]
    For further information visit https://errors.pydantic.dev/2.12/v/missing
timestamp_ref
  Field required [type=missing, input_value={'identity': {'role': 'Wo...t': 53, 'bytes': 91298}}, input_type=dict]
    For further information visit https://errors.pydantic.dev/2.12/v/missing
host
  Field required [type=missing, input_value={'identity': {'role': 'Wo...t': 53, 'bytes': 91298}}, input_type=dict]
    For further information visit https://errors.pydantic.dev/2.12/v/missing
event
  Unable to extract tag using discriminator 'type' [type=union_tag_not_found, input_value={'user': 'user', 'action'...opy': 4.486934365553223}, input_type=dict]
    For further information visit https://errors.pydantic.dev/2.12/v/union_tag_not_found
Validation Error: 4 validation errors for LogEntry
role
  Field required [type=missing, input_value={'identity': {'role': 'Wo...t': 53, 'bytes': 22997}}, input_type=dict]
    For further information visit https://errors.pydantic.dev/2.12/v/missing
timestamp_ref
  Field required [type=missing, input_value={'identity': {'role': 'Wo...t': 53, 'bytes': 22997}}, input_type=dict]
    For further information visit https://errors.pydantic.dev/2.12/v/missing
host
  Field required [type=missing, input_value={'identity': {'role': 'Wo...t': 53, 'bytes': 22997}}, input_type=dict]
    For further information visit https://errors.pydantic.dev/2.12/v/missing
event
  Unable to extract tag using discriminator 'type' [type=union_tag_not_found, input_value={'user': 'user', 'action'...opy': 4.884192814919242}, input_type=dict]
    For further information visit https://errors.pydantic.dev/2.12/v/union_tag_not_found
Validation Error: 4 validation errors for LogEntry
role
  Field required [type=missing, input_value={'identity': {'role': 'Wo...t': 22, 'bytes': 90182}}, input_type=dict]
    For further information visit https://errors.pydantic.dev/2.12/v/missing
timestamp_ref
  Field required [type=missing, input_value={'identity': {'role': 'Wo...t': 22, 'bytes': 90182}}, input_type=dict]
    For further information visit https://errors.pydantic.dev/2.12/v/missing
host
  Field required [type=missing, input_value={'identity': {'role': 'Wo...t': 22, 'bytes': 90182}}, input_type=dict]
    For further information visit https://errors.pydantic.dev/2.12/v/missing
event
  Unable to extract tag using discriminator 'type' [type=union_tag_not_found, input_value={'user': 'user', 'action'...opy': 4.425732888379745}, input_type=dict]
    For further information visit https://errors.pydantic.dev/2.12/v/union_tag_not_found
Validation Error: 4 validation errors for LogEntry
role
  Field required [type=missing, input_value={'identity': {'role': 'Wo...': 443, 'bytes': 50516}}, input_type=dict]
    For further information visit https://errors.pydantic.dev/2.12/v/missing
timestamp_ref
  Field required [type=missing, input_value={'identity': {'role': 'Wo...': 443, 'bytes': 50516}}, input_type=dict]
    For further information visit https://errors.pydantic.dev/2.12/v/missing
host
  Field required [type=missing, input_value={'identity': {'role': 'Wo...': 443, 'bytes': 50516}}, input_type=dict]
    For further information visit https://errors.pydantic.dev/2.12/v/missing
event
  Unable to extract tag using discriminator 'type' [type=union_tag_not_found, input_value={'user': 'user', 'action'...opy': 4.370157593789026}, input_type=dict]
    For further information visit https://errors.pydantic.dev/2.12/v/union_tag_not_found
Validation Error: 4 validation errors for LogEntry
role
  Field required [type=missing, input_value={'identity': {'role': 'Wo...t': 53, 'bytes': 87097}}, input_type=dict]
    For further information visit https://errors.pydantic.dev/2.12/v/missing
timestamp_ref
  Field required [type=missing, input_value={'identity': {'role': 'Wo...t': 53, 'bytes': 87097}}, input_type=dict]
    For further information visit https://errors.pydantic.dev/2.12/v/missing
host
  Field required [type=missing, input_value={'identity': {'role': 'Wo...t': 53, 'bytes': 87097}}, input_type=dict]
    For further information visit https://errors.pydantic.dev/2.12/v/missing
event
  Unable to extract tag using discriminator 'type' [type=union_tag_not_found, input_value={'user': 'user', 'action'...ropy': 3.23596854063381}, input_type=dict]
    For further information visit https://errors.pydantic.dev/2.12/v/union_tag_not_found
Validation Error: 4 validation errors for LogEntry
role
  Field required [type=missing, input_value={'identity': {'role': 'Wo...rt': 53, 'bytes': 1651}}, input_type=dict]
    For further information visit https://errors.pydantic.dev/2.12/v/missing
timestamp_ref
  Field required [type=missing, input_value={'identity': {'role': 'Wo...rt': 53, 'bytes': 1651}}, input_type=dict]
    For further information visit https://errors.pydantic.dev/2.12/v/missing
host
  Field required [type=missing, input_value={'identity': {'role': 'Wo...rt': 53, 'bytes': 1651}}, input_type=dict]
    For further information visit https://errors.pydantic.dev/2.12/v/missing
event
  Unable to extract tag using discriminator 'type' [type=union_tag_not_found, input_value={'user': 'user', 'action'...py': 3.0759584327768943}, input_type=dict]
    For further information visit https://errors.pydantic.dev/2.12/v/union_tag_not_found
Validation Error: 4 validation errors for LogEntry
role
  Field required [type=missing, input_value={'identity': {'role': 'Wo...t': 53, 'bytes': 85656}}, input_type=dict]
    For further information visit https://errors.pydantic.dev/2.12/v/missing
timestamp_ref
  Field required [type=missing, input_value={'identity': {'role': 'Wo...t': 53, 'bytes': 85656}}, input_type=dict]
    For further information visit https://errors.pydantic.dev/2.12/v/missing
host
  Field required [type=missing, input_value={'identity': {'role': 'Wo...t': 53, 'bytes': 85656}}, input_type=dict]
    For further information visit https://errors.pydantic.dev/2.12/v/missing
event
  Unable to extract tag using discriminator 'type' [type=union_tag_not_found, input_value={'user': 'user', 'action'...opy': 3.223495881882365}, input_type=dict]
    For further information visit https://errors.pydantic.dev/2.12/v/union_tag_not_found
